bank_code,bank_name,listed,state_owned,fy,total_assets,cash_bank_balances,investments,gross_loans,net_loans,total_deposits,borrowings,total_liabilities,shareholders_equity,paid_up_capital,reserves,interest_income,interest_expense,net_interest_income,non_interest_income,operating_income,operating_expenses,personnel_expenses,provision_loan_losses,profit_before_tax,profit_after_tax,roa,roe,nim,profit_margin,asset_growth,loan_growth,deposit_growth,equity_growth,profit_growth,cost_income,assets_per_employee,loans_per_employee,deposits_per_employee,profit_per_employee,assets_per_branch,gross_npl_pct,net_npl_pct,provision_coverage_pct,car_pct,cet1_pct,loan_deposit_ratio,asset_share_pct,loan_share_pct,deposit_share_pct,profit_share_pct,asset_rank,loan_rank,deposit_rank,profit_rank,branches,employees,atms,extension_counters,branchless_banking_centers,mobile_banking_users,internet_banking_users,debit_cards,credit_cards,qr_users,digital_transactions_count,agriculture,manufacturing,construction,wholesale_retail,transportation,tourism,consumption,real_estate,hydropower,sme,retail,corporate,housing,vehicle,margin_lending,other_sectors,current_deposits,savings_deposits,fixed_deposits,call_deposits,other_deposits,casa_ratio,fixed_deposit_share,cost_of_deposits_pct,gdp_growth_pct,inflation_pct,remittance_usd_mn,policy_rate_pct,bank_rate_pct,ticker,share_price_eoy,market_cap,pe_ratio,pb_ratio,eps,bvps,dividend_per_share,dividend_yield_pct,annual_return_pct,price_volatility,digital_account_opening,mobile_banking,digital_lending,qr_ecosystem,api_open_banking,ai_initiatives,digital_customer_acquisition,core_banking_upgrade,fintech_partnership,digital_index
ADBL,Agriculture Development Bank,True,True,2020,179417.06,8504.5,24379.55,123052.28,,143648.27,12.06,150957.62,28459.44,14989.17,11369.81,15821.7,9105.58,6716.12,2303.93,9020.05,4184.219999999999,3025.47,517.22,4399.85,3331.74,,,,36.9370458035155,,,,,,46.38799119738804,,,,,,,,,20.46,17.63,85.66220811430587,4.751271860607973,5.001018392498532,4.778939943767318,6.824629987904387,10.0,7.0,6.0,3.0,,,,,,,,,,,,9408.5,14906.0,4771.9,25544.4,2385.9,5190.0,21904.0,8744.4,8904.3,18743.2,51482.3,26294.6,6210.8,1672.6,7477.6,11093.4,12467.0,38593.0,81839.5,10729.1,,35.55,56.98,,-2.3696206292072,5.05635826238499,8107.7,5.0,6.0,ADBL,,,,,,,13.95,,,,,,,,,,,,,
ADBL,Agriculture Development Bank,True,True,2021,222440.35,10636.73,37880.07,150598.36,,162814.93,538.53,190935.23,31505.12,10989.93,11427.96,15124.05,8258.33,6865.72,1612.95,9878.5,4719.759999999999,3311.39,121.43,5062.34,3527.54,1.755617745110137,11.76541610577982,5.017872423028135,35.70926760135648,23.97948667757681,22.38567217121048,13.34277120079483,10.70182688064136,5.876809114756854,47.77810396315229,,,,,,,,,23.31,14.76,92.49665248758207,4.790585589781418,4.682234372148189,4.461814884453688,6.382453635234291,9.0,8.0,9.0,4.0,,,148.0,,63.0,468088.0,41316.0,313312.0,7125.0,,,11529.5,18266.3,5847.6,31302.9,2923.8,6360.0,26841.8,10715.6,10911.6,22968.5,63088.1,32222.2,7611.0,2049.7,9163.3,13594.2,14132.3,43748.4,92771.9,12162.3,,35.55,56.98,,4.838149614115,4.12676744440695,8226.0,3.0,4.0,ADBL,,,,,,,12.84,,,,,,,,,,,,,
ADBL,Agriculture Development Bank,True,True,2022,246184.24,6559.9,45922.12,173314.97,,166590.27,1777.21,212827.21,33357.03,18620.63,11214.61,19582.6,11226.66,8355.94,1464.29,9766.34,5169.179999999999,3823.92,992.76,3640.39,2225.77,0.9499160084621254,6.863078081747213,5.159367785203531,22.79021619153132,10.67427290057761,15.08423464903603,2.318792263092817,5.878123936680768,-36.90305425310556,52.92852798489505,,,,,,4.02,1.81,110.0,14.87,11.53,104.0366703289454,4.954080132602693,5.244955535319248,4.454097245466562,3.742610271281527,8.0,7.0,13.0,15.0,,,163.0,,59.0,618902.0,49211.0,395170.0,9184.0,,,13574.1,21505.6,6884.6,36854.0,3442.3,7487.9,31601.8,12615.9,12846.6,27041.7,74275.8,37936.4,8960.7,2413.2,10788.3,16005.0,14460.0,44762.8,94923.1,12444.3,,35.55,56.98,,5.6313145568451,7.6702057938028,9411.7,6.0,7.0,ADBL,,,,,,,4.78,,,,,,,,,,,,,
ADBL,Agriculture Development Bank,True,True,2023,265670.98,7096.5,57411.02,180438.11,,199486.61,2136.56,231877.33,33793.65,18884.39,13666.1,23948.68,15753.03,8195.66,1371.86,9601.18,5103.5,3620.73,1458.17,3114.88,1323.41,0.5171032543147651,3.941613100567262,4.633548349600236,13.78382657131728,7.91551075730923,4.10993926260379,19.74685556365328,1.308929482031229,-40.54147553430947,53.15492470717141,,,,,,3.96,1.78,110.0,13.9,10.68,90.4512388074568,4.298529572252646,4.586972764297014,3.986207690828754,2.339234934196479,13.0,11.0,13.0,17.0,,,223.0,,65.0,921923.0,67398.0,567921.0,14156.0,,,12793.1,22338.2,7217.5,35943.3,3049.4,7867.1,33218.7,12684.8,14994.4,26849.2,84048.1,31288.0,8877.6,2778.7,10555.6,16059.0,12767.1,60723.7,110116.6,15879.1,,36.84,55.2,,1.98254843461849,7.11587261530826,10764.4,7.5,8.5,ADBL,,,,,34.87,297.94,2.8,,,,,,,,,,,,,
ADBL,Agriculture Development Bank,True,True,2024,311375.43,20427.08,68611.26,206819.25,,243628.66,2664.57,275235.48,36139.95,18884.39,15119.47,27571.35,17018.57,10552.78,1672.37,12220.28,5629.25,4158.3,2452.17,4103.15,2897.49,1.004248514430581,8.286403102371391,5.450008748703963,23.71050417830033,17.20340324712921,14.62060315307006,22.12782602300978,6.943020360333962,118.9412200300738,46.06482011868795,,,,,,3.87,1.74,110.0,14.4,11.05,84.89118234283274,4.515649146679883,4.919374005318391,4.300024522082377,5.43817074132048,11.0,9.0,11.0,10.0,,,240.0,,56.0,1057054.0,66254.0,587887.0,14368.0,,,13277.8,24363.3,8500.3,39419.7,3019.6,9182.8,40040.2,15325.3,18613.7,28003.3,94226.9,38675.2,9617.1,4860.3,10692.6,20723.3,18954.3,89070.6,115942.9,19685.2,,44.34,47.59,,3.67787459697703,4.6850965426577,11254.5,6.5,7.5,ADBL,294.0,55519.0,9.16,1.03,32.1,286.67,6.14,2.09,,,,,,,,,,,,
ADBL,Agriculture Development Bank,True,True,2025,361528.19,4620.87,96356.59,212616.74,,293358.98,2804.66,322911.27,38616.92,19287.94,16512.31,22825.62,13001.0,9824.61,1628.43,11854.67,6013.07,4547.4,630.77,5220.25,3732.42,1.109347576403289,9.985490296744635,4.68467667736381,31.48480725317533,16.1068456814335,2.803167500123904,20.41234393359139,6.853827966004378,28.81563007982773,50.72321709503512,,,,,,,,,,,72.4766427808005,4.661128955246157,4.802636292457558,4.552736492883127,7.065444550452046,12.0,13.0,12.0,6.0,,,244.0,,41.0,1189376.0,80076.0,618680.0,15757.0,,,13836.2,25387.9,8857.8,41077.6,3146.6,9569.0,41724.1,15969.8,19396.5,29181.0,98189.6,40301.7,10021.5,5064.7,11142.2,21594.8,22823.3,107252.0,139609.5,23703.4,,44.34,47.59,,4.43073194983359,2.65334269811436,,5.0,6.0,ADBL,323.7,62435.3,27.09,1.81,11.95,179.14,7.74,2.39,10.1,,,,,,,,,,,
BOKL,Bank of Kathmandu,True,False,2020,109583.13,2373.97,14170.25,75915.26,79382.99,92103.3,,95272.57,14310.56,8546.89,4808.47,9980.92,6405.72,3575.21,863.8199999999999,4439.03,1781.41,1111.88,563.66,2106.45,1460.7,,,,32.90583753657894,,,,,,40.13061412065249,,,,,,,,,14.16,13.27,82.42403909523328,2.901949468831701,3.085303348554842,3.064124192534894,2.992051307524578,21.0,20.0,19.0,17.0,,,,,,,,,,,,6074.2,9623.4,3080.8,16491.6,1540.4,3350.7,14141.3,5645.4,5748.6,12100.7,33237.3,16976.0,4009.8,1079.9,4827.6,7162.0,7994.6,24748.2,52480.5,6880.1,,35.55,56.98,,-2.3696206292072,5.05635826238499,8107.7,5.0,6.0,,,,,,7.01,178.95,6.84,,,,,,,,,,,,,
BOKL,Bank of Kathmandu,True,False,2021,131981.71,9695.74,20123.06,96978.67,96964.9,103413.43,1198.24,115462.43,16519.28,9658.18,5503.29,8552.92,5291.36,3261.56,637.34,4241.34,1840.62,1154.87,-127.15,2539.72,1726.41,1.429355364795638,11.1996040200014,3.772902842800786,40.70435286961197,20.4398067476262,27.74594989202435,12.27983145012175,15.43419684484744,18.19059355103718,43.39713392465588,,,,,,,,,14.02,11.73,93.77763603818188,2.842423499336834,3.015151440156563,2.833963575861314,3.123630569860252,20.0,19.0,20.0,16.0,,,148.0,,63.0,468088.0,41316.0,313312.0,7125.0,,,7418.9,11753.8,3762.8,20142.5,1881.4,4092.5,17271.9,6895.2,7021.3,14779.5,40595.3,20734.0,4897.4,1318.9,5896.3,8747.5,8976.3,27787.2,58925.0,7725.0,,35.55,56.98,,4.838149614115,4.12676744440695,8226.0,3.0,4.0,,,,,,15.34,191.38,7.15,,,,,,,,,,,,,
BOKL,Bank of Kathmandu,True,False,2022,,,,,,,,,,,,11303.38,7501.56,3801.83,639.0,4644.37,2186.55,1427.91,-808.35,3328.15,2322.54,,,,50.00764366318791,,,,,34.53003631813996,47.07958237608116,,,,,,,,,,,,,,,3.905328070493447,,,,13.0,,,,,,,,,,,,,,,,,,,,,,,,,,,,,,,,,,,,5.6313145568451,7.6702057938028,9411.7,6.0,7.0,,,,,,19.35,200.21,,,,,,,,,,,,,,
BOKL,Bank of Kathmandu,True,False,2023,,,,,,,,,,,,,,,,,,,,,,,,,,,,,,,,,,,,,,,,,,,,,,,,,,,,,,,,,,,,,,,,,,,,,,,,,,,,,,,,,,,,,,1.98254843461849,7.11587261530826,10764.4,7.5,8.5,,,,,,,,,,,,,,,,,,,,,
BOKL,Bank of Kathmandu,True,False,2024,,,,,,,,,,,,,,,,,,,,,,,,,,,,,,,,,,,,,,,,,,,,,,,,,,,,,,,,,,,,,,,,,,,,,,,,,,,,,,,,,,,,,,3.67787459697703,4.6850965426577,11254.5,6.5,7.5,,,,,,,,,,,,,,,,,,,,,
BOKL,Bank of Kathmandu,True,False,2025,,,,,,,,,,,,,,,,,,,,,,,,,,,,,,,,,,,,,,,,,,,,,,,,,,,,,,,,,,,,,,,,,,,,,,,,,,,,,,,,,,,,,,4.43073194983359,2.65334269811436,,5.0,6.0,,,,,,,,,,,,,,,,,,,,,
CCBL,Century Commercial Bank,True,False,2020,83088.59,8153.450000000001,6821.38,60526.11,60437.44,65314.89,,72523.04999999999,10565.54,8415.47,1189.11,7845.89,5150.65,2695.24,478.11,3173.35,1534.96,902.91,422.71,1251.56,804.53,,,,25.35270297950116,,,,,,48.37033418942128,,,,,,,,,14.53,13.8,92.66816494676789,2.200328550721949,2.459866565141169,2.172918175372168,1.647973600631717,22.0,21.0,22.0,22.0,,,,,,,,,,,,4630.2,7335.8,2348.4,12571.3,1174.2,2554.2,10779.7,4303.4,4382.1,9224.2,25336.2,12940.5,3056.6,823.2,3680.0,5459.5,5669.3,17550.1,37216.4,4879.0,,35.55,56.98,,-2.3696206292072,5.05635826238499,8107.7,5.0,6.0,,,,,,17.09,167.13,3.82,,,,,,,,,,,,,
CCBL,Century Commercial Bank,True,False,2021,111628.2,5062.73,12356.26,80305.56,80218.81999999999,93496.63,,100717.31,10910.89,9034.43,1324.66,7608.42,5176.09,2432.33,413.97,3054.09,1610.08,940.52,638.57,842.9,629.32,0.646395208137932,5.860564348916464,3.454237246494343,20.60581056877826,34.34841053386513,32.67920241363602,43.14749668873361,3.268645047957786,-21.77793245745963,52.71881313255339,,,,,,,,,12.34,11.18,85.8913952299671,2.404080223454234,2.496769907099976,2.562201484718013,1.138642147707934,22.0,21.0,21.0,22.0,,,148.0,,63.0,468088.0,41316.0,313312.0,7125.0,,,6143.4,9733.0,3115.9,16679.5,1557.9,3388.9,14302.4,5709.7,5814.1,12238.6,33615.9,17169.3,4055.4,1092.2,4882.6,7243.6,8115.5,25122.5,53274.4,6984.2,,35.55,56.98,,4.838149614115,4.12676744440695,8226.0,3.0,4.0,,,,,,17.88,171.04,2.79,,,,,,,,,,,,,
CCBL,Century Commercial Bank,True,False,2022,,,,,,,,,,,,,,,,,,,,,,,,,,,,,,,,,,,,,,,,,,,,,,,,,,,,,,,,,,,,,,,,,,,,,,,,,,,,,,,,,,,,,,5.6313145568451,7.6702057938028,9411.7,6.0,7.0,,,,,,,,,,,,,,,,,,,,,
CCBL,Century Commercial Bank,True,False,2023,,,,,,,,,,,,,,,,,,,,,,,,,,,,,,,,,,,,,,,,,,,,,,,,,,,,,,,,,,,,,,,,,,,,,,,,,,,,,,,,,,,,,,1.98254843461849,7.11587261530826,10764.4,7.5,8.5,,,,,,9.56,125.56,,,,,,,,,,,,,,
CCBL,Century Commercial Bank,True,False,2024,,,,,,,,,,,,,,,,,,,,,,,,,,,,,,,,,,,,,,,,,,,,,,,,,,,,,,,,,,,,,,,,,,,,,,,,,,,,,,,,,,,,,,3.67787459697703,4.6850965426577,11254.5,6.5,7.5,,,,,,6.97,120.78,,,,,,,,,,,,,,
CCBL,Century Commercial Bank,True,False,2025,,,,,,,,,,,,,,,,,,,,,,,,,,,,,,,,,,,,,,,,,,,,,,,,,,,,,,,,,,,,,,,,,,,,,,,,,,,,,,,,,,,,,,4.43073194983359,2.65334269811436,,5.0,6.0,,,,,,,,,,,,,,,,,,,,,
CIVIL,Civil Bank,True,False,2020,77199.29,4725.49,8197.29,51512.72,53891.33,57512.41,,67127.07999999999,10072.21,8003.39,1804.08,6199.06,3962.53,2236.53,601.21,2837.74,1705.29,1040.79,223.65,879.06,555.06,,,,19.55993149478106,,,,,,60.09324321467084,,,,,,,,,15.0,13.83,89.56800801774781,2.044369773063467,2.093549669844614,1.913342593066543,1.136967206650642,23.0,23.0,23.0,23.0,,,,,,,,,,,,4129.0,6541.7,2094.2,11210.5,1047.1,2277.7,9612.8,3837.6,3907.7,8225.7,22593.6,11539.7,2725.7,734.1,3281.6,4868.5,4992.1,15453.6,32770.6,4296.2,,35.55,56.98,,-2.3696206292072,5.05635826238499,8107.7,5.0,6.0,,,,,,,,2.78,,,,,,,,,,,,,
CIVIL,Civil Bank,True,False,2021,109962.96,5027.71,12712.81,79037.7,82680.07,88634.88,,99269.25,10693.71,8643.66,1556.35,7065.78,4849.59,2216.19,411.51,2985.7,1757.71,1098.91,344.69,755.85,527.78,0.5639812515611454,5.083136215491536,3.395148020205527,17.67692668385973,42.4403773661649,53.43336558426732,54.11435549301446,6.170443229440203,-4.914783987316684,58.87095153565328,,,,,,,,,11.93,10.75,89.17223106749847,2.368216789740308,2.457351033806324,2.428969056251577,0.9549236520645985,23.0,22.0,22.0,23.0,,,148.0,,63.0,468088.0,41316.0,313312.0,7125.0,,,6329.3,10027.6,3210.1,17184.2,1605.1,3491.4,14735.2,5882.5,5990.1,12608.9,34633.2,17688.9,4178.2,1125.2,5030.3,7462.8,7693.5,23816.2,50504.2,6621.0,,35.55,56.98,,4.838149614115,4.12676744440695,8226.0,3.0,4.0,,,,,,,,2.44,,,,,,,,,,,,,
CIVIL,Civil Bank,True,False,2022,117581.99,4149.6,17075.54,83026.92,,,,105877.35,,,,7065.78,4849.59,2216.19,411.51,2985.7,1757.71,1098.91,344.69,755.85,527.78,0.46389076092438,,2.734946097427064,17.67692668385973,6.928723999426722,5.047236951480127,,,0.0,58.87095153565328,,,,,,,,,,,,2.366157153727178,2.512607558565243,,0.8874568571671666,21.0,19.0,,22.0,,,,,,,,,,,,,,,,,,,,,,,,,,,,,,,,,,,,5.6313145568451,7.6702057938028,9411.7,6.0,7.0,,,,,,6.94,127.08,,,,,,,,,,,,,,
CIVIL,Civil Bank,True,False,2023,,,,,,,,,,,,,,,,,,,,,,,,,,,,,,,,,,,,,,,,,,,,,,,,,,,,,,,,,,,,,,,,,,,,,,,,,,,,,,,,,,,,,,1.98254843461849,7.11587261530826,10764.4,7.5,8.5,,,,,,6.11,123.71,,,,,,,,,,,,,,
CIVIL,Civil Bank,True,False,2024,,,,,,,,,,,,,,,,,,,,,,,,,,,,,,,,,,,,,,,,,,,,,,,,,,,,,,,,,,,,,,,,,,,,,,,,,,,,,,,,,,,,,,3.67787459697703,4.6850965426577,11254.5,6.5,7.5,,,,,,,,,,,,,,,,,,,,,
CIVIL,Civil Bank,True,False,2025,,,,,,,,,,,,,,,,,,,,,,,,,,,,,,,,,,,,,,,,,,,,,,,,,,,,,,,,,,,,,,,,,,,,,,,,,,,,,,,,,,,,,,4.43073194983359,2.65334269811436,,5.0,6.0,,,,,,,,,,,,,,,,,,,,,
CZBIL,Citizens Bank International,True,False,2020,110464.48,10841.97,11834.47,79169.82,,88516.23,,97096.25,13368.23,9089.82,3396.81,13956.19,8645.78,5310.41,1401.93,6712.34,2581.18,1646.84,548.47,3582.08,2516.24,,,,37.48677808335096,,,,,,38.45424993370419,,,,,,,,,15.45,12.1,89.44102115510343,2.925289130368607,3.21757326195661,2.944788316759366,5.154185789036519,20.0,19.0,21.0,7.0,,,,,,,,,,,,9108.8,14431.2,4619.9,24730.7,2309.9,5024.7,21206.2,8465.8,8620.6,18146.2,49842.4,25457.0,6013.0,1619.3,7239.4,10740.0,12459.7,38570.7,81792.2,10722.8,,35.55,56.98,,-2.3696206292072,5.05635826238499,8107.7,5.0,6.0,CZBIL,,,,,,,11.83,,,,,,,,,,,,,
CZBIL,Citizens Bank International,True,False,2021,168329.05,6671.36,22017.42,122159.21,122153.9,140638.41,,149441.03,18888.02,12576.92,4888.32,10839.53,7189.14,3650.4,825.37,4973.98,2124.68,1229.75,394.04,2585.7,1804.34,1.294391587925301,11.18753729897307,3.626302674780681,36.27557810847652,52.38296509429998,54.30022450474183,58.88431985862932,41.29035781101911,-28.29221377928973,42.71589350982513,,,,,,,,,13.89,11.24,86.86048853936845,3.625217822538024,3.798036392537534,3.854084825414356,3.264630987089768,15.0,15.0,15.0,14.0,,,148.0,,63.0,468088.0,41316.0,313312.0,7125.0,,,9345.2,14805.7,4739.8,25372.5,2369.9,5155.1,21756.6,8685.5,8844.3,18617.1,51135.8,26117.6,6169.0,1661.4,7427.3,11018.8,12207.4,37789.5,80135.8,10505.7,,35.55,56.98,,4.838149614115,4.12676744440695,8226.0,3.0,4.0,CZBIL,,,,,29.57,219.01,5.74,,,,,,,,,,,,,
CZBIL,Citizens Bank International,True,False,2022,194412.65,5500.14,28153.43,134644.25,134638.94,152801.49,,174003.36,20409.29,14200.97,4878.85,15967.65,10974.16,4993.49,998.1,6264.06,3002.38,-1785.43,552.42,2832.6,2005.61,1.10580614249754,10.20736533874711,3.888958505465619,32.01773290805004,15.49560221482864,10.22030185034759,8.64847661460335,8.054152843971995,11.15477127370672,47.93025609588669,,,,,,4.5,2.02,100.0,13.37,10.53,88.11710540257167,3.912256312149148,4.074680359904333,4.085428853150826,3.372413405780895,15.0,15.0,16.0,17.0,,,163.0,,59.0,618902.0,49211.0,395170.0,9184.0,,,10300.3,16318.9,5224.2,27965.6,2612.1,5682.0,23980.1,9573.2,9748.2,20519.8,56362.1,28786.9,6799.5,1831.2,8186.4,12144.9,13263.2,41057.8,87066.3,11414.3,,35.55,56.98,,5.6313145568451,7.6702057938028,9411.7,6.0,7.0,CZBIL,,,,,14.35,150.18,5.65,,,,,,,,,,,,,
CZBIL,Citizens Bank International,True,False,2023,198932.61,8939.42,28685.57,139832.01,142337.37,168842.14,,177969.09,20963.52,14200.97,5915.56,20660.83,14832.33,5828.5,1013.99,6911.06,3119.24,1889.9,1216.48,2516.45,1863.76,0.9476458417218501,9.009588664632643,4.246997536326092,26.96778786466909,2.324931016577358,3.852938391353522,10.49770522525666,2.715577072989794,-7.072661185375018,45.13403153785382,,,,,,3.99,1.8,100.0,12.4,9.68,82.81819337281557,3.218709499134616,3.554712590632366,3.373859714213326,3.29434755741458,17.0,16.0,17.0,14.0,,,223.0,,65.0,921923.0,67398.0,567921.0,14156.0,,,10092.1,17622.0,5693.7,28354.7,2405.6,6206.1,26205.3,10006.7,11828.7,21180.6,66303.2,24682.2,7003.3,2192.1,8327.0,12668.5,10805.9,51395.5,93200.9,13439.8,,36.84,55.2,,1.98254843461849,7.11587261530826,10764.4,7.5,8.5,CZBIL,,,,,14.12,143.72,5.25,,,,,,,,,,,,,
CZBIL,Citizens Bank International,True,False,2024,222682.23,8431.03,36283.86,155164.79,155159.48,189236.67,,201107.86,21574.37,14200.97,6760.15,19719.67,13995.85,5723.82,1279.68,7056.93,3282.95,1987.32,1725.41,2057.59,1320.73,0.6265102053808164,6.209663901994198,3.880598026826053,18.71536206253994,11.93852531266746,10.96514310278454,12.07905206603044,2.913871334585028,-29.13626217967978,46.52093757483778,,,,,,3.6,1.62,100.0,12.9,10.05,81.99509640494097,3.2293968149005,3.690728181572493,3.34001065998233,2.478819682961528,17.0,16.0,17.0,15.0,,,240.0,,56.0,1057054.0,66254.0,587887.0,14368.0,,,9961.6,18278.4,6377.3,29574.4,2265.4,6889.3,30039.9,11497.7,13964.8,21009.3,70693.1,29015.8,7215.2,3646.4,8022.0,15547.5,14722.6,69184.9,90057.7,15290.3,,44.34,47.59,,3.67787459697703,4.6850965426577,11254.5,6.5,7.5,CZBIL,193.5,27478.9,14.75,1.31,13.12,147.62,3.72,1.92,,,,,,,,,,,,
CZBIL,Citizens Bank International,True,False,2025,245382.97,11435.1,42267.57,168860.74,170109.8,211500.79,,222435.25,22947.71,14769.01,7400.53,17360.14,10944.73,6415.41,1511.94,8174.84,3507.91,-2035.65,-2680.01,1824.41,1287.08,0.5499575700137501,5.781760420896777,3.9598176106679,15.74440600672307,10.19423058588913,8.82671255508416,11.76522499576853,6.365608821949387,-2.547833395167831,42.91105391665157,,,,,,,,,,,79.8392951629164,3.163685981420422,3.814265604369814,3.282351762017344,2.436433298502264,17.0,16.0,17.0,17.0,,,244.0,,41.0,1189376.0,80076.0,618680.0,15757.0,,,10921.4,20039.6,6991.7,32423.9,2483.7,7553.1,32934.3,12605.5,15310.4,23033.6,77504.4,31811.5,7910.4,3997.7,8795.0,17045.5,16454.8,77324.7,100653.2,17089.3,,44.34,47.59,,4.43073194983359,2.65334269811436,,5.0,6.0,CZBIL,223.98,33079.6,24.08,1.47,9.3,151.92,3.48,1.55,15.75,,,,,,,,,,,
EBL,Everest Bank,True,False,2020,185018.81,9646.95,28813.51,112195.37,,143545.48,,166397.7,18621.11,8510.21,8144.9,13956.19,8645.78,5310.41,1401.93,6712.34,2581.18,1646.84,548.47,3582.08,2516.24,,,,37.48677808335096,,,,,,38.45424993370419,,,,,,,,,13.32,11.86,78.16015523442465,4.899615820458618,4.559778241599245,4.775520290771707,5.154185789036519,7.0,9.0,7.0,7.0,,,,,,,,,,,,9108.8,14431.2,4619.9,24730.7,2309.9,5024.7,21206.2,8465.8,8620.6,18146.2,49842.4,25457.0,6013.0,1619.3,7239.4,10740.0,12459.7,38570.7,81792.2,10722.8,,35.55,56.98,,-2.3696206292072,5.05635826238499,8107.7,5.0,6.0,EBL,,,,,8.71,155.38,11.83,,,,,,,,,,,,,
EBL,Everest Bank,True,False,2021,211650.25,30983.27,31460.03,135173.24,,160220.26,,190966.64,20683.61,8933.72,9147.21,11515.53,7559.21,3956.32,978.9,5306.0,2495.23,1611.06,262.37,2548.32,1770.94,0.892905536922895,9.011335025411707,3.198724365229687,33.37617791179797,14.39390946250276,20.48023015566507,11.61637412755874,11.07613885530991,-29.61959113598066,47.02657369016208,,,,,,,,,12.51,11.26,84.36713309540254,4.558204650027005,4.202653936753604,4.390709997289806,3.20419965210368,11.0,12.0,11.0,15.0,,,148.0,,63.0,468088.0,41316.0,313312.0,7125.0,,,10340.8,16383.0,5244.7,28075.5,2622.4,5704.3,24074.4,9610.8,9786.5,20600.4,56583.5,28900.0,6826.2,1838.4,8218.5,12192.6,13907.1,43051.2,91293.5,11968.5,,35.55,56.98,,4.838149614115,4.12676744440695,8226.0,3.0,4.0,EBL,,,,,,,7.93,,,,,,,,,,,,,
EBL,Everest Bank,True,False,2022,225381.32,14024.36,35674.34,145480.53,,172739.18,2556.0,202586.77,22794.55,9467.34,9211.63,15467.18,10285.76,5181.42,1294.96,6807.08,2930.88,2045.47,325.45,3548.24,2479.4,1.134654871729289,11.40526646021819,3.692392943804033,36.42384105960265,6.487622858938269,7.625244464067005,7.813568646062596,10.2058586484661,40.00474324370109,43.05634721495855,,,,,,4.5,2.02,100.0,13.37,10.53,84.21976415541627,4.535453283572377,4.402613987151127,4.618499662808354,4.169086611202155,11.0,12.0,11.0,11.0,,,163.0,,59.0,618902.0,49211.0,395170.0,9184.0,,,11861.6,18792.5,6016.1,32204.7,3008.0,6543.3,27615.1,11024.3,11225.9,23630.2,64905.5,33150.5,7830.2,2108.7,9427.3,13985.9,14993.8,46415.0,98426.8,12903.6,,35.55,56.98,,5.6313145568451,7.6702057938028,9411.7,6.0,7.0,EBL,,,,,,,10.48,,,,,,,,,,,,,
EBL,Everest Bank,True,False,2023,250090.49,19914.77,40201.73,159479.29,,198007.81,2664.22,224718.82,25371.67,10698.09,10324.62,22400.61,14988.17,7412.44,1347.52,8765.01,3176.08,2129.93,771.36,4816.28,3362.12,1.414224746573304,13.96048932218472,4.861256804257033,38.35842742906168,10.96327326506028,9.622428513286296,14.62819842030047,11.3058603920674,35.60216181334192,36.23589704974666,,,,,,3.99,1.8,100.0,12.4,9.68,80.5419190283454,4.046438820695262,4.054172146335523,3.956657818117008,5.942820861985829,14.0,14.0,14.0,8.0,,,223.0,,65.0,921923.0,67398.0,567921.0,14156.0,,,11879.7,20743.5,6702.2,33377.2,2831.7,7305.4,30847.1,11779.2,13923.9,24932.4,78047.7,29054.2,8243.8,2580.4,9802.0,14912.5,12672.5,60273.6,109300.3,15761.4,,36.84,55.2,,1.98254843461849,7.11587261530826,10764.4,7.5,8.5,EBL,,,,,,,12.57,,,,,,,,,,,,,
EBL,Everest Bank,True,False,2024,295743.7,47250.29,44143.62,185868.06,,232316.6,2349.2,267938.92,27804.78,11767.9,12496.04,22547.39,14899.06,7648.33,1638.32,9505.48,3227.63,2410.51,282.4,4816.28,3703.23,1.356906572671822,13.92808282613826,4.429354966818191,38.9588952898749,18.25467653728057,16.54683188017703,17.32698826374577,9.589869330635302,10.1456818911877,33.95546568926557,,,,,,3.6,1.62,100.0,12.9,10.05,80.00636200770845,4.288953648465299,4.421031904829744,4.100367653324542,6.950428486165697,13.0,14.0,13.0,4.0,,,240.0,,56.0,1057054.0,66254.0,587887.0,14368.0,,,11932.7,21895.3,7639.2,35426.5,2713.7,8252.5,35984.1,13772.8,16728.1,25166.5,84681.5,34757.3,8642.9,4367.9,9609.4,18624.0,18074.2,84934.9,110559.5,18771.2,,44.34,47.59,,3.67787459697703,4.6850965426577,11254.5,6.5,7.5,EBL,560.0,65900.8,18.94,2.56,29.57,219.01,12.59,2.25,,,,,,,,,,,,
EBL,Everest Bank,True,False,2025,363639.25,6720.64,49443.44,213438.49,,298818.4,,331699.75,31939.5,12944.69,13863.24,20814.26,11711.94,9102.32,1877.81,11170.62,3651.11,2640.46,-155.33,7356.95,4839.9,1.468008840689617,16.20205315052755,4.559063706818733,43.32704899101392,22.95756426933184,14.83333392515098,28.62550502202599,14.8705366487345,30.69401576461628,32.68493601966587,,,,,,,,,,,71.42749241679896,4.688346536514886,4.821198172266867,4.637463064621194,9.161896324564989,11.0,12.0,11.0,3.0,,,244.0,,41.0,1189376.0,80076.0,618680.0,15757.0,,,14330.7,26295.3,9174.4,42545.8,3259.0,9911.0,43215.4,16540.6,20089.8,30224.0,101699.1,41742.2,10379.7,5245.7,11540.5,22366.7,23248.1,109248.0,142207.7,24144.5,,44.34,47.59,,4.43073194983359,2.65334269811436,,5.0,6.0,EBL,694.53,89906.9,35.04,3.0,19.82,231.52,14.96,2.15,24.02,,,,,,,,,,,
GIBL,Global IME Bank,True,False,2020,274082.96,8722.43,28018.61,189388.66,,212315.39,2404.0,245065.01,29017.95,18975.88,8418.12,20489.4,12267.39,8222.01,2006.46,10228.47,4027.59,2474.64,1954.43,4167.89,2908.66,,,,28.4369020977722,,,,,,39.37627035128421,,,,,,,,,12.41,10.96,89.20156941990875,7.258187461772813,7.697022533760863,7.063381257202305,5.958006405247099,1.0,1.0,2.0,5.0,,,,,,,,,,,,15147.7,23998.7,7682.7,41126.4,3841.4,8356.0,35265.4,14078.4,14335.8,30176.6,82886.5,42334.3,9999.4,2692.9,12038.9,17860.4,18429.0,57049.1,120977.3,15860.0,,35.55,56.98,,-2.3696206292072,5.05635826238499,8107.7,5.0,6.0,GIBL,,,,,26.19,240.78,6.13,,,,,,,,,,,,,
GIBL,Global IME Bank,True,False,2021,345423.26,25336.11,48901.73,239018.61,,268433.79,2371.77,312702.84,32720.42,21632.5,8097.71,21693.58,12554.46,9139.13,1914.29,11950.9,4868.11,3164.82,1125.26,5968.08,4165.15,1.344667693570534,13.49290562740804,4.26656158286016,34.8521868645876,26.02872502544484,26.20534407920727,26.43162137233668,12.75924040119993,43.19824248966877,40.73425432394212,,,,,,,,,13.17,10.52,89.04192352237027,7.439206473696523,7.431297069404229,7.356216531937922,7.53609505740434,2.0,2.0,2.0,2.0,,,148.0,,63.0,468088.0,41316.0,313312.0,7125.0,,,18284.9,28969.1,9273.9,49644.2,4637.0,10086.6,42569.2,16994.2,17304.9,36426.4,100053.2,51102.2,12070.4,3250.7,14532.3,21559.5,23300.1,72128.2,152953.6,20052.0,,35.55,56.98,,4.838149614115,4.12676744440695,8226.0,3.0,4.0,GIBL,,,,,31.43,237.16,7.7,,,,,,,,,,,,,
GIBL,Global IME Bank,True,False,2022,360537.22,18221.95,46513.51,268838.85,,276964.91,5747.23,322797.76,37739.46,23795.75,10704.48,29058.37,18768.81,10289.56,2217.83,13038.92,5384.72,3290.73,466.43,7026.58,4959.22,1.404956832711089,14.07671997170588,4.052144867577607,38.03397827427425,4.375489942397026,12.47611639947199,3.178109581509836,15.33916740677535,19.06461952150584,41.29728535798977,,,,,,4.5,2.02,100.0,13.37,10.53,97.06603266096056,7.255258414047162,8.135753157481783,7.40516623643082,8.338879448256009,2.0,2.0,3.0,1.0,,,163.0,,59.0,618902.0,49211.0,395170.0,9184.0,,,20566.2,32583.3,10430.9,55837.8,5215.5,11345.0,47880.2,19114.4,19463.9,40971.0,112535.9,57477.7,13576.4,3656.2,16345.4,24249.3,24040.6,74420.5,157814.6,20689.3,,35.55,56.98,,5.6313145568451,7.6702057938028,9411.7,6.0,7.0,GIBL,,,,,31.47,236.27,8.34,,,,,,,,,,,,,
GIBL,Global IME Bank,True,False,2023,526882.56,19317.78,87591.67,368126.97,,426325.45,3282.55,467828.85,59053.71,35771.06,20039.29,48210.08,31103.09,17106.99,2744.14,19857.19,6900.549999999999,4234.42,3426.14,9265.52,6694.36,1.508724540712852,13.83229829129472,5.371399677301366,33.71252427961862,46.1381878963842,36.93220678484528,53.92760404197053,56.4773581815956,34.98816346118944,34.75088872091167,,,,,,3.99,1.8,100.0,12.4,9.68,86.34881403397333,8.5249065037671,9.35826907737608,8.518976725234989,11.83282639098053,1.0,1.0,1.0,1.0,,,223.0,,65.0,921923.0,67398.0,567921.0,14156.0,,,26100.2,45574.1,14725.1,73330.9,6221.3,16050.3,67772.2,25879.3,30591.4,54777.3,171473.5,63833.2,18111.8,5669.2,21535.4,32763.3,27284.8,129773.5,235331.6,33935.5,,36.84,55.2,,1.98254843461849,7.11587261530826,10764.4,7.5,8.5,GIBL,,,,,37.39,246.73,7.48,,,,,,,,,,,,,
GIBL,Global IME Bank,True,False,2024,602154.46,21314.92,121300.9,383188.18,,487455.85,12100.95,540747.3099999999,61407.15,36128.77,24771.66,51680.02,34823.69,16856.33,3447.29,20653.93,8018.36,4782.11,3616.61,8867.39,6137.45,1.087200843068901,10.18994883483316,4.487152961044378,29.71565217854423,14.28627662301063,4.091308496087653,14.3389047029681,3.985253424382651,-8.319092489797375,38.82244202435081,,,,,,3.6,1.62,100.0,12.9,10.05,78.60982281779981,8.732603832834487,9.114460921008389,8.60355308128571,11.51910826830028,1.0,2.0,1.0,2.0,,,240.0,,56.0,1057054.0,66254.0,587887.0,14368.0,,,24600.7,45139.6,15749.0,73035.7,5594.5,17013.6,74185.2,28394.2,34486.9,51883.7,174580.5,71656.2,17818.3,9004.9,19810.8,38395.5,37924.1,178213.9,231980.2,39386.4,,44.34,47.59,,3.67787459697703,4.6850965426577,11254.5,6.5,7.5,GIBL,,,,,,,6.8,,,,,,,,,,,,,
GIBL,Global IME Bank,True,False,2025,688080.4,52688.97,148805.84,410113.93,,550628.59,12416.42,621452.99,66627.41,38115.85,24456.68,43930.15,27250.21,16679.94,4187.05,21249.17,8039.400000000001,4691.56,5976.6,7246.64,5076.3,0.7868799948561304,7.929577764003719,4.205192395114139,23.88940368023787,14.26975065500637,7.026769458285487,12.95968445142261,8.501062172727437,-17.28975388801538,37.83394833774684,,,,,,,,,,,74.48104538124328,8.871317824420158,9.263748678774771,8.545389937331324,9.60939984553178,1.0,2.0,1.0,2.0,,,244.0,,41.0,1189376.0,80076.0,618680.0,15757.0,,,27342.8,50171.1,17504.5,81176.7,6218.2,18910.0,82454.5,31559.3,38331.1,57667.0,194040.5,79643.5,19804.4,10008.7,22019.1,42675.3,42838.9,201309.8,262044.1,44490.8,,44.34,47.59,,4.43073194983359,2.65334269811436,,5.0,6.0,GIBL,,,,,,,5.33,,,,,,,,,,,,,
HBL,Himalayan Bank,True,False,2020,155824.62,7231.14,18241.67,101653.35,,125264.38,,138279.32,17545.3,9372.28,5669.96,12178.99,7357.29,4821.7,1597.11,6418.81,2701.61,1651.12,305.63,3558.39,2586.72,,,,40.29905854823557,,,,,,42.08895418309624,,,,,,,,,14.89,11.76,81.15104229949488,4.126503534256611,4.131335664882362,4.167338382239118,5.298554773875522,12.0,13.0,12.0,6.0,,,,,,,,,,,,8164.6,12935.3,4141.0,22167.1,2070.5,4503.9,19008.0,7588.3,7727.0,16265.1,44675.7,22818.1,5389.7,1451.5,6489.0,9626.7,10872.9,33658.5,71375.6,9357.2,,35.55,56.98,,-2.3696206292072,5.05635826238499,8107.7,5.0,6.0,HBL,,,,,,,11.04,,,,,,,,,,,,,
HBL,Himalayan Bank,True,False,2021,178490.93,11316.44,20433.63,132093.94,,141021.07,,158358.22,20132.71,10684.4,6510.11,10370.84,6582.12,3788.72,3580.92,7369.63,2916.45,1859.37,145.32,4259.31,2998.62,1.793886045683487,15.91708266970575,3.241723144683303,40.68888125998184,14.54603900205242,29.9454863022222,12.5787474460018,14.7470262691433,15.92364074967527,39.57389991085034,,,,,,,,,13.85,11.16,93.66964808875723,3.84406910510923,4.106915813827459,3.864571321239309,5.425467356765975,14.0,14.0,14.0,8.0,,,148.0,,63.0,468088.0,41316.0,313312.0,7125.0,,,10105.2,16009.8,5125.2,27435.9,2562.6,5574.4,23525.9,9391.9,9563.6,20131.1,55294.5,28241.7,6670.7,1796.5,8031.3,11914.9,12240.6,37892.4,80353.8,10534.3,,35.55,56.98,,4.838149614115,4.12676744440695,8226.0,3.0,4.0,HBL,,,,,15.33,151.95,11.23,,,,,,,,,,,,,
HBL,Himalayan Bank,True,False,2022,216286.27,18525.37,31900.98,,,168419.49,,194276.07,22010.2,12968.73,6473.68,16565.85,11622.53,4943.32,1019.04,6579.2,2742.04,1628.05,1280.86,3396.83,2367.54,1.199430970177609,11.23576895852707,,35.98522616731518,21.1749358917005,,19.42860027937667,9.325570179076736,-21.0456810132661,41.67740758754864,,,,,,4.5,2.02,100.0,13.37,10.53,,4.352429356004843,,4.503004806294408,3.980995126032729,12.0,,12.0,12.0,,,163.0,,59.0,618902.0,49211.0,395170.0,9184.0,,,,,,,,,,,,,,,,,,,14618.8,45254.3,95965.4,12580.9,,35.55,56.98,,5.6313145568451,7.6702057938028,9411.7,6.0,7.0,HBL,,,,,19.25,151.26,7.3,,,,,,,,,,,,,
HBL,Himalayan Bank,True,False,2023,332392.9,38628.27,37596.0,,,275310.99,,298762.53,33630.37,21656.62,15216.38,29094.72,19173.93,9920.78,1657.96,11578.74,3626.89,2065.44,4868.93,2019.66,1562.82,0.5696662404734628,5.617555679246276,,13.49732354297618,53.68192349888879,,63.46741698362821,52.79447710606902,-33.98971083909881,31.32370188811564,,,,,,3.99,1.8,100.0,12.4,9.68,,5.378083486035309,,5.501355633381499,2.762411603252915,9.0,,9.0,16.0,,,223.0,,65.0,921923.0,67398.0,567921.0,14156.0,,,,,,,,,,,,,,,,,,,17619.9,83804.7,151971.7,21914.8,,36.84,55.2,,1.98254843461849,7.11587261530826,10764.4,7.5,8.5,HBL,,,,,20.84,158.6,2.89,,,,,,,,,,,,,
HBL,Himalayan Bank,True,False,2024,355735.81,43784.71,42143.26,,,293899.59,,319112.73,36623.08,21656.62,22407.99,35576.63,23958.94,11617.69,1524.34,13142.03,4990.63,3010.7,5265.95,1771.51,1238.3,0.3599036000111084,3.525236127193753,,9.422440825351943,7.022686104306075,,6.751855419938035,8.898831621537306,-20.76502732240437,37.97457470421236,,,,,,3.6,1.62,100.0,12.9,10.05,,5.158975153787751,,5.187302035934346,2.324110464221499,9.0,,9.0,16.0,,,240.0,,56.0,1057054.0,66254.0,587887.0,14368.0,,,,,,,,,,,,,,,,,,,22865.4,107449.7,139866.8,23747.1,,44.34,47.59,,3.67787459697703,4.6850965426577,11254.5,6.5,7.5,HBL,204.2,44223.6,10.91,1.24,18.71,165.09,2.29,1.12,,,,,,,,,,,,
HBL,Himalayan Bank,True,False,2025,371298.73,46635.05,40506.83,,,309158.67,,334674.42,36624.31,21656.62,23822.0,27699.72,17244.09,10455.63,2065.94,12521.56,5328.07,3418.46,3756.04,87.31,129.73,0.03568743790356919,0.3542242256003934,,1.03605301575842,4.374853349737262,,5.191936470547631,0.003358537840059128,-89.52354033755955,42.55116774587192,,,,,,,,,,,,4.787099068122806,,4.797937186038117,0.2455779685914618,10.0,,10.0,19.0,,,244.0,,41.0,1189376.0,80076.0,618680.0,15757.0,,,,,,,,,,,,,,,,,,,24052.5,113028.4,147128.6,24980.0,,44.34,47.59,,4.43073194983359,2.65334269811436,,5.0,6.0,HBL,233.05,50471.6,13.72,1.37,16.99,169.97,0.24,0.1,14.13,,,,,,,,,,,
KBL,Kumari Bank,True,False,2020,153811.47,9248.39,12747.0,111092.71,114511.16,116547.03,,136725.66,17085.81,12520.05,3822.76,10569.83,6996.63,3573.2,864.25,4437.45,2289.58,1408.6,461.79,1709.38,1158.51,,,,26.10756177534395,,,,,,51.59675038591984,,,,,,,,,14.42,11.13,95.32006950327263,4.073191865086561,4.514964582391368,3.87732659080717,2.373054946450536,13.0,10.0,14.0,21.0,,,,,,,,,,,,8760.3,13879.0,4443.1,23784.4,2221.6,4832.5,20394.8,8141.9,8290.8,17451.9,47935.3,24483.0,5782.9,1557.4,6962.4,10329.1,10116.3,31316.2,66408.5,8706.1,,35.55,56.98,,-2.3696206292072,5.05635826238499,8107.7,5.0,6.0,KBL,,,,,13.32,174.8,3.7,,,,,,,,,,,,,
KBL,Kumari Bank,True,False,2021,189782.82,7580.24,22697.94,137897.93,143019.28,145838.23,,170890.59,18892.22,13878.47,3677.85,12776.39,7698.87,5077.51,822.62,6672.39,3191.32,2023.92,475.28,3039.4,1970.73,1.147126164407447,10.95518570638804,4.078474596474791,29.53559369281471,23.38664990328745,24.12869395300554,25.13251517434636,10.57257455163085,70.1090193438123,47.82873902754486,,,,,,,,,13.69,10.53,94.55540567106443,4.08725684292477,4.287366925470403,3.996581795885553,3.56568397596208,13.0,9.0,13.0,13.0,,,148.0,,63.0,468088.0,41316.0,313312.0,7125.0,,,10941.2,17334.2,5549.2,29705.6,2774.6,6035.5,25472.1,10168.8,10354.8,21796.5,59868.8,30578.0,7222.6,1945.1,8695.7,12900.5,12658.8,39186.7,83098.6,10894.1,,35.55,56.98,,4.838149614115,4.12676744440695,8226.0,3.0,4.0,KBL,,,,,,,5.68,,,,,,,,,,,,,
KBL,Kumari Bank,True,False,2022,212108.44,7424.790000000001,22815.09,158409.19,158406.69,176767.67,,191106.32,21002.12,14711.18,4329.56,18355.16,12137.99,6217.17,962.86,7941.16,3551.59,2332.99,812.1,3593.81,2579.81,1.28383483631866,12.93321308235705,4.196436454176329,32.48656367583578,11.76377292739141,14.87423342757939,21.20804675152737,11.16808929813435,30.90631390398482,44.72381868643876,,,,,,4.5,2.02,100.0,13.37,10.53,89.61434520237779,4.268356936907701,4.793868400034563,4.726208751774892,4.33792503446214,13.0,10.0,10.0,10.0,,,163.0,,59.0,618902.0,49211.0,395170.0,9184.0,,,12118.3,19199.2,6146.3,32901.6,3073.1,6684.9,28212.7,11262.9,11468.8,24141.6,66310.1,33867.9,7999.7,2154.4,9631.3,14288.5,15343.4,47497.5,100722.2,13204.5,,35.55,56.98,,5.6313145568451,7.6702057938028,9411.7,6.0,7.0,KBL,,,,,,,7.02,,,,,,,,,,,,,
KBL,Kumari Bank,True,False,2023,380524.79,21232.39,42696.6,280691.62,280688.62,316047.05,2645.52,345209.99,35314.8,26225.86,11291.85,34112.24,23046.06,11066.18,1784.93,13057.68,3980.230000000001,2209.82,8115.8,1001.65,517.92,0.1747860139398528,1.839305132453976,5.040382412412312,3.966401382175087,79.4010601369752,77.19402516987807,78.7923379880495,68.14873927013085,-79.92410293781325,30.48190796527409,,,,,,3.99,1.8,100.0,12.4,9.68,88.81323840864833,6.156852595606144,7.135548117337335,6.315357112809425,0.9154657718462458,5.0,4.0,5.0,19.0,,,223.0,,65.0,921923.0,67398.0,567921.0,14156.0,,,19901.0,34749.6,11227.7,55913.8,4743.7,12238.2,51675.3,19732.6,23325.5,41766.9,130746.2,48671.9,13810.0,4322.7,16420.5,24981.6,20227.0,96204.7,174458.0,25157.3,,36.84,55.2,,1.98254843461849,7.11587261530826,10764.4,7.5,8.5,KBL,,,,,,,0.79,,,,,,,,,,,,,
KBL,Kumari Bank,True,False,2024,409452.88,29581.0,64635.15,279176.72,279173.72,333111.32,1340.59,374649.68,34803.2,26225.86,13944.76,38609.37,27806.03,10803.34,2437.61,13636.42,5821.09,3857.07,6841.41,998.97,4.61,0.001167121597247173,0.01314926267149662,3.859243049892766,0.03380652693302201,7.602156484995382,-0.5397026102881286,5.399281531025202,-1.448684404272449,-99.10990114303367,42.68781689035686,,,,,,3.6,1.62,100.0,12.9,10.05,83.80883603715418,5.937994363195647,6.640458754482721,5.879385637893463,0.008652304966535662,6.0,5.0,6.0,20.0,,,240.0,,56.0,1057054.0,66254.0,587887.0,14368.0,,,17923.1,32887.0,11474.2,53211.1,4076.0,12395.4,54048.6,20687.0,25125.9,37800.5,127192.9,52206.0,12981.7,6560.7,14433.4,27973.5,25916.1,121785.5,158527.7,26915.4,,44.34,47.59,,3.67787459697703,4.6850965426577,11254.5,6.5,7.5,KBL,153.7,40309.4,5.57,0.82,27.6,187.68,0.01,0.01,,,,,,,,,,,,
KBL,Kumari Bank,True,False,2025,441683.64,35350.48,80098.7,260322.4,274472.64,364639.16,1380.59,404566.81,37116.83,26225.86,14740.49,32357.2,20735.65,11621.55,3033.28,15194.02,6155.4,4311.04,3451.42,5234.62,1819.7,0.4275929788560829,5.060342716764718,4.308273941206799,11.97642230298499,7.871665232883451,-6.753543060467216,9.464655839375258,6.647750781537343,39372.88503253796,40.51199090168369,,,,,,,,,,,71.39178359230533,5.694561199951017,5.880222817731349,5.65895753546133,3.444679175563734,6.0,6.0,6.0,15.0,,,244.0,,41.0,1189376.0,80076.0,618680.0,15757.0,,,17621.3,32333.2,11281.0,52315.1,4007.3,12186.7,53138.5,20338.7,24702.8,37164.0,125051.1,51327.0,12763.1,6450.2,14190.4,27502.5,28368.9,133312.1,173531.8,29462.8,,44.34,47.59,,4.43073194983359,2.65334269811436,,5.0,6.0,KBL,220.19,57747.0,7.84,1.17,28.07,188.44,2.78,1.26,43.26,,,,,,,,,,,
LLBS,Laxmi Sunrise Bank,True,False,2020,116631.41,8011.84,13112.95,81040.37,,90223.27,1202.5,103102.51,13528.9,8967.81,3469.8,10182.24,6720.07,3462.17,1144.18,4606.34,2106.34,1232.79,475.24,1992.44,1411.55,,,,30.64363464268812,,,,,,45.72697629788509,,,,,,,,,12.62,10.02,89.82202706685314,3.088600027199372,3.293595054922072,3.00157870930366,2.891374014606913,18.0,18.0,20.0,18.0,,,,,,,,,,,,6888.3,10913.2,3493.7,18701.9,1746.8,3799.8,16036.6,6402.0,6519.1,13722.5,37691.9,19251.2,4547.2,1224.6,5474.6,8121.9,8538.6,26432.2,56051.7,7348.3,,35.55,56.98,,-2.3696206292072,5.05635826238499,8107.7,5.0,6.0,LLBS,,,,,18.26,169.71,5.75,,,,,,,,,,,,,
LLBS,Laxmi Sunrise Bank,True,False,2021,137763.42,4145.73,20860.09,100490.66,,114605.49,3591.57,120866.66,16896.76,10695.69,4938.13,8960.72,5436.64,3524.08,1143.79,4925.93,2393.53,1518.14,254.68,2257.78,1575.76,1.238830207359167,10.35809905191868,3.882619957590721,31.98908632481582,18.11862687761385,24.00074185248662,27.02431423733589,24.89381989666566,11.63331089936595,48.5904184590524,,,,,,,,,11.85,9.27,87.68398442343381,2.966941270551882,3.124342272597505,3.140673162603137,2.851056299930486,19.0,18.0,18.0,19.0,,,148.0,,63.0,468088.0,41316.0,313312.0,7125.0,,,8299.2,13148.5,4209.3,22532.6,2104.6,4578.1,19321.4,7713.4,7854.4,16533.3,45412.4,23194.4,5478.6,1475.4,6596.0,9785.5,9947.8,30794.5,65302.2,8561.0,,35.55,56.98,,4.838149614115,4.12676744440695,8226.0,3.0,4.0,LLBS,,,,,7.22,155.29,5.89,,,,,,,,,,,,,
LLBS,Laxmi Sunrise Bank,True,False,2022,173383.95,11194.74,16816.56,126767.9,,139537.1,6433.11,156442.93,16941.02,11551.35,4188.87,13800.26,9459.39,4340.88,1194.8,5757.05,2736.34,1842.76,560.32,2489.01,1961.81,1.261016604446954,11.59538243939171,3.820212536768692,34.07665384181134,25.85630496107021,26.14893762266064,21.75428943238234,0.2619437099183664,24.49928923186271,47.5302455250519,,,,,,4.5,2.02,100.0,13.37,10.53,90.84888535020434,3.489085987011917,3.836321806510983,3.730780991893417,3.298764138389328,18.0,17.0,18.0,18.0,,,163.0,,59.0,618902.0,49211.0,395170.0,9184.0,,,10153.4,16086.2,5149.7,27566.8,2574.8,5601.0,23638.2,9436.7,9609.2,20227.1,55558.3,28376.4,6702.6,1805.0,8069.6,11971.7,12111.8,37493.6,79508.2,10423.4,,35.55,56.98,,5.6313145568451,7.6702057938028,9411.7,6.0,7.0,LLBS,,,,,5.72,169.11,5.24,,,,,,,,,,,,,
LLBS,Laxmi Sunrise Bank,True,False,2023,361665.77,21466.14,53360.55,247870.14,,296243.48,5080.62,323440.84,38224.93,21670.24,14826.36,19066.47,13379.78,5686.69,1214.35,7389.0,3052.26,1884.06,1060.7,3044.03,2285.24,0.8542159409035854,8.284965635505234,3.035831598948147,30.92759507375828,108.5924158493332,95.53068245194567,112.3044552309027,125.6353513542868,16.48630601332442,41.30816077953715,,,,,,3.99,1.8,100.0,12.4,9.68,83.67108703962026,5.85171556041433,6.301183166142052,5.919635600273492,4.039347776594677,7.0,6.0,7.0,12.0,,,223.0,,65.0,921923.0,67398.0,567921.0,14156.0,,,18119.0,31638.0,10222.3,50907.1,4318.9,11142.3,47048.2,17965.7,21236.8,38027.0,119038.7,44313.7,12573.4,3935.6,14950.1,22744.6,18959.6,90176.5,163526.4,23581.0,,36.84,55.2,,1.98254843461849,7.11587261530826,10764.4,7.5,8.5,LLBS,,,,,0.6,169.11,4.22,,,,,,,,,,,,,
LLBS,Laxmi Sunrise Bank,True,False,2024,395961.89,21696.34,87110.57,255400.46,,328931.51,3980.64,355460.45,40501.44,23187.15,16072.61,35924.61,23560.75,12363.87,2454.5,14914.98,6924.900000000001,4950.85,3588.06,4304.69,2920.38,0.770927502831668,7.419064285575469,4.913408412889607,19.58018046286351,9.482821667087826,3.038010145150993,11.03417702222511,5.955563554988852,27.79314207698098,46.42916048160977,,,,,,3.6,1.62,100.0,12.9,10.05,77.64548309768195,5.742344444763205,6.074919930665831,5.805612357288279,5.481131969234581,7.0,6.0,7.0,9.0,,,240.0,,56.0,1057054.0,66254.0,587887.0,14368.0,,,16396.7,30086.2,10497.0,48679.3,3728.8,11339.8,49445.5,18925.2,22986.0,34581.2,116360.4,47759.9,11876.1,6001.9,13204.2,25591.1,25590.9,120257.4,156538.5,26577.7,,44.34,47.59,,3.67787459697703,4.6850965426577,11254.5,6.5,7.5,LLBS,1224.0,283808.9,97.22,7.01,,,5.04,0.41,,,,,,,,,,,,
LLBS,Laxmi Sunrise Bank,True,False,2025,443587.71,10524.79,98415.99,283197.61,,367053.71,548.49,398203.6,45384.11,24346.51,18073.24,28929.62,18077.64,10851.98,2707.59,14160.19,6871.76,4911.79,1258.01,5700.02,4062.04,0.9676712370537726,9.4591930772988,4.029713660132499,28.68633824828621,12.02787975378135,10.88375095330683,11.5897075351644,12.0555466669827,39.0928577787822,48.52872736877118,,,,,,,,,,,77.15426987510901,5.719110090066102,6.396933372806118,5.696429747489375,7.689412869322915,5.0,5.0,5.0,5.0,,,244.0,,41.0,1189376.0,80076.0,618680.0,15757.0,,,18181.3,33360.7,11639.4,53977.5,4134.7,12574.0,54827.1,20984.9,25487.8,38345.0,129024.8,52958.0,13168.7,6655.1,14641.3,28376.4,28556.8,134194.8,174680.9,29657.9,,44.34,47.59,,4.43073194983359,2.65334269811436,,5.0,6.0,LLBS,1113.76,271167.1,66.77,5.97,,,6.67,0.6,-9.01,,,,,,,,,,,
MBL,Machhapuchchhre Bank,True,False,2020,124540.41,9778.36,11932.41,92336.3,,104098.9,1214.22,112968.82,11571.59,8458.48,2157.91,11352.89,7490.99,3861.9,1199.11,5061.01,2552.61,1502.91,587.92,1861.02,1265.15,,,,24.99797471255738,,,,,,50.43677052604124,,,,,,,,,13.0,9.54,88.70055303178036,3.298043929276178,3.752677598458657,3.463197930001104,2.591492922376066,17.0,15.0,17.0,19.0,,,,,,,,,,,,7267.5,11514.0,3686.0,19731.6,1843.0,4009.0,16919.6,6754.5,6878.0,14478.1,39767.2,20311.1,4797.5,1292.0,5776.0,8569.0,9035.8,27971.4,59315.6,7776.2,,35.55,56.98,,-2.3696206292072,5.05635826238499,8107.7,5.0,6.0,MBL,,,,,,,5.98,,,,,,,,,,,,,
MBL,Machhapuchchhre Bank,True,False,2021,158213.55,9385.27,19603.81,117286.55,,131617.96,1202.31,145349.42,12864.13,9053.09,2508.52,11155.48,6803.99,4351.49,1466.34,5817.83,2850.5,1769.51,497.8,2280.34,1607.47,1.137009716857724,13.1567230267821,4.151732504352459,27.63006138027409,27.03792287178113,27.02106322215641,26.43549547593682,11.16994293783309,27.05766114689958,48.99593147273124,,,,,,,,,12.0,8.64,89.11135683914263,3.407365402626646,3.646541142949215,3.606886499840219,2.908429881739135,17.0,17.0,16.0,18.0,,,148.0,,63.0,468088.0,41316.0,313312.0,7125.0,,,8972.4,14215.1,4550.7,24360.4,2275.4,4949.5,20888.7,8339.1,8491.5,17874.5,49096.1,25075.9,5923.0,1595.1,7131.0,10579.2,11424.4,35365.7,74995.9,9831.9,,35.55,56.98,,4.838149614115,4.12676744440695,8226.0,3.0,4.0,MBL,,,,,9.25,137.92,7.1,,,,,,,,,,,,,
MBL,Machhapuchchhre Bank,True,False,2022,178727.31,6047.35,24127.4,131180.69,,145026.05,1286.24,164241.54,14485.77,10257.16,3600.49,15232.37,10354.33,4878.04,1354.17,6352.88,3396.53,1923.72,501.23,2426.69,1686.66,1.001160856537257,12.33393906376257,3.926505562664921,26.54953343995165,12.96586796769303,11.84631997445573,10.18712795730916,12.60590494654517,4.92637498678048,53.46441299064362,,,,,,4.5,2.02,100.0,13.37,10.53,90.45319099568665,3.59661290919566,3.969864150468355,3.877538164899402,2.836102131019693,17.0,16.0,17.0,20.0,,,163.0,,59.0,618902.0,49211.0,395170.0,9184.0,,,10035.3,15899.1,5089.8,27246.2,2544.9,5535.8,23363.3,9326.9,9497.5,19991.9,54912.2,28046.4,6624.6,1784.1,7975.8,11832.5,12588.3,38968.5,82635.8,10833.4,,35.55,56.98,,5.6313145568451,7.6702057938028,9411.7,6.0,7.0,MBL,,,,,14.2,136.13,6.58,,,,,,,,,,,,,
MBL,Machhapuchchhre Bank,True,False,2023,186574.2,10767.42,27418.53,126137.68,,154179.63,3395.0,170422.41,16151.79,10257.16,4415.22,19284.51,13912.11,5372.4,1396.77,6866.92,3338.12,2120.53,1148.26,2335.24,1625.53,0.8899662090091005,10.61135416789065,4.17568322075101,23.67189365829222,4.390425839229617,-3.844323429004692,6.311679867168696,11.50108002543186,-3.62432262578114,48.61160462041206,,,,,,3.99,1.8,100.0,12.4,9.68,81.81215637889389,3.018751675924031,3.20658481022447,3.080868569951295,2.873256634440122,18.0,17.0,18.0,15.0,,,223.0,,65.0,921923.0,67398.0,567921.0,14156.0,,,9259.7,16168.5,5224.1,26015.9,2207.2,5694.2,24043.8,9181.3,10853.0,19433.6,60834.4,22646.4,6425.6,2011.3,7640.2,11623.6,9867.5,46932.3,85107.2,12272.7,,36.84,55.2,,1.98254843461849,7.11587261530826,10764.4,7.5,8.5,MBL,,,,,17.54,142.76,6.34,,,,,,,,,,,,,
MBL,Machhapuchchhre Bank,True,False,2024,189610.79,6744.940000000001,35597.02,131855.61,,158646.91,2091.13,172497.06,17113.73,11621.36,5821.3,16598.69,11610.5,4988.19,1361.14,6386.17,3322.09,2085.35,1398.19,1653.84,1045.2,0.5556840532100976,6.283984137328981,3.866914523242058,16.36661723693544,1.627550861801907,4.533086386240814,2.897451498618842,5.955624732614773,-35.70097137548983,52.0200683664857,,,,,,3.6,1.62,100.0,12.9,10.05,83.11262412863887,2.749786012546972,3.136299257875655,2.800104073767823,1.961689620612381,19.0,18.0,19.0,17.0,,,240.0,,56.0,1057054.0,66254.0,587887.0,14368.0,,,8465.1,15532.6,5419.3,25131.7,1925.1,5854.4,25527.2,9770.5,11867.0,17853.2,60073.4,24657.0,6131.3,3098.6,6816.9,13211.9,12342.7,58001.3,75500.1,12818.7,,44.34,47.59,,3.67787459697703,4.6850965426577,11254.5,6.5,7.5,MBL,200.0,23242.0,101.52,1.49,1.97,134.66,3.6,1.8,,,,,,,,,,,,
MBL,Machhapuchchhre Bank,True,False,2025,217453.96,7725.87,45513.26,141436.05,,184176.05,2143.48,198546.59,18907.37,11621.36,6318.76,14580.77,8824.05,5756.72,1590.83,7440.67,3736.38,2465.78,556.66,2721.74,1883.64,0.925474387060044,10.45853680204103,4.212876455871358,25.31546218284106,14.68438056716075,7.265856947611105,16.09179781692565,10.48070759559721,80.21814006888634,50.21563918303056,,,,,,,,,,,76.79394253487357,2.803601427011651,3.194790338671555,2.858289948888108,3.565717141429285,19.0,17.0,19.0,14.0,,,244.0,,41.0,1189376.0,80076.0,618680.0,15757.0,,,9453.2,17345.5,6051.8,28065.0,2149.8,6537.7,28506.8,10910.9,13252.1,19937.1,67085.1,27534.9,6846.9,3460.3,7612.6,14754.0,14328.9,67334.8,87649.4,14881.4,,44.34,47.59,,4.43073194983359,2.65334269811436,,5.0,6.0,MBL,250.53,29114.1,12526.5,1.89,0.02,132.7,6.48,2.59,25.27,,,,,,,,,,,
NABIL,Nabil Bank,True,False,2020,237721.26,19371.81,33471.81,148231.39,,190806.47,,211919.78,25801.48,10097.5,12661.67,16462.91,9479.25,6983.67,2140.48,9124.14,3174.31,2009.68,856.76,5095.01,3463.24,,,,37.9568923756102,,,,,,34.79023776487428,118.2692835820896,73.74696019900499,94.92859203980099,1.723004975124378,1997.657647058824,0.74,,,12.81,10.69,77.68677340972768,6.295267202050193,6.02433297242134,6.347815125182088,7.093990395201902,4.0,4.0,4.0,2.0,119.0,2010.0,,,,,,,,,,11772.6,18651.5,5970.9,31963.0,2985.5,6494.2,27407.9,10941.6,11141.7,23452.9,64418.5,32901.8,7771.5,2092.9,9356.5,13880.9,16562.0,51269.7,108721.5,14253.2,,35.55,56.98,,-2.3696206292072,5.05635826238499,8107.7,5.0,6.0,NABIL,,,,,6.94,141.53,13.72,,,,,,,,,,,,,
NABIL,Nabil Bank,True,False,2021,291066.22,7285.64,39889.09,198021.42,,223474.47,,257208.12,33858.11,13844.45,15691.97,17188.72,9112.83,8075.88,1565.8,11659.65,4606.11,3411.79,827.52,6255.46,4527.55,1.712427079400594,15.17794540659767,4.664730374318117,38.83092545659604,22.4401300918563,33.58939695566505,17.12101272037578,31.22545683425912,30.73162703133483,39.50470211369981,134.3796029547553,91.42263157894737,103.1738088642659,2.09028162511542,2156.046074074074,0.84,,,12.69,10.82,88.61030971457276,6.268546328056704,6.156658672415776,6.124141788111197,8.191793135217464,4.0,3.0,4.0,1.0,135.0,2166.0,148.0,,63.0,468088.0,41316.0,313312.0,7125.0,,,15806.7,25042.7,8017.0,42915.6,4008.5,8719.5,36799.6,14690.9,14959.5,31489.3,86492.4,44176.0,10434.5,2810.1,12562.7,18637.4,19397.6,60047.6,127335.8,16693.5,,35.55,56.98,,4.838149614115,4.12676744440695,8226.0,3.0,4.0,NABIL,,,,,,,13.08,,,,,,,,,,,,,
NABIL,Nabil Bank,True,False,2022,419818.1,11051.54,62455.04,300205.65,,326222.31,10720.73,366836.35,52981.75,22832.91,27249.12,23340.75,14421.88,8918.87,2043.27,11473.17,4072.759999999999,2658.93,1118.82,6287.56,4256.02,1.197387501809015,9.80199645646596,3.580243040587899,37.095414780745,44.23456627842284,51.60261450503689,45.97743983910107,56.48171147178622,-5.997283298914413,35.49812301221021,187.8380760626398,134.3202013422819,145.9607651006712,1.904259507829978,1817.394372294372,1.62,2.02,100.0,13.37,10.53,92.02486794971198,8.448195174951127,9.084992979554004,8.722153414966785,7.156455593695489,1.0,1.0,1.0,3.0,231.0,2235.0,163.0,,59.0,618902.0,49211.0,395170.0,9184.0,,,23758.8,37641.4,12050.2,64505.9,6025.1,13106.2,55313.0,22081.7,22485.5,47331.3,130005.7,66400.4,15683.9,4223.8,18882.8,28013.6,28316.1,87655.9,185881.5,24368.8,,35.55,56.98,,5.6313145568451,7.6702057938028,9411.7,6.0,7.0,NABIL,,,,,,,7.46,,,,,,,,,,,,,
NABIL,Nabil Bank,True,False,2023,481203.55,39076.81,76452.98,331123.17,,396843.5,,424290.87,56912.68,27057.0,26668.62,46251.16,28502.32,17748.84,3545.85,21496.1,6557.070000000001,4525.1,5426.27,9281.21,6404.94,1.421706126595293,11.65653254673599,5.622692783136369,29.79582342843586,14.62191601553149,10.29878018618236,21.64817912055126,7.419403851326156,50.49130408221762,30.50353319904541,200.1678660565724,137.7384234608985,165.0763311148087,2.664284525790349,1956.111991869919,3.39,1.8,100.0,12.4,9.68,83.43923234222055,7.785824744381019,8.417584081420992,7.929858609334234,11.32125297483954,2.0,2.0,2.0,2.0,246.0,2404.0,223.0,,65.0,921923.0,67398.0,567921.0,14156.0,,,24063.9,42018.5,13576.2,67609.7,5736.0,14798.1,62484.7,23860.3,28204.7,50503.6,158095.4,58853.0,16698.8,5226.9,19855.3,30207.2,25398.0,120799.2,219057.6,31588.7,,36.84,55.2,,1.98254843461849,7.11587261530826,10764.4,7.5,8.5,NABIL,,,,,,,9.47,,,,,,,,,,,,,
NABIL,Nabil Bank,True,False,2024,557019.89,34470.44,102940.71,385724.1,,462097.42,,498342.96,58676.93,27057.0,28537.03,46413.43,30096.11,16317.31,3983.67,20311.36,7025.990000000001,4660.88,4637.74,8596.06,6197.11,1.193791193926425,10.72260733469037,4.552520650598278,30.5105615773636,15.75556539431182,16.48961321552944,16.44323769949614,3.099924305093338,-3.24483913978898,34.59143060829014,231.7054450915142,160.4509567387687,192.220224625624,2.577832778702163,2094.059736842105,4.45,1.62,100.0,12.9,10.05,83.4724634472099,8.078050316822438,9.17477996252685,8.155979011627776,11.63108148181514,2.0,1.0,2.0,1.0,266.0,2404.0,240.0,,56.0,1057054.0,66254.0,587887.0,14368.0,,,24763.5,45438.3,15853.3,73519.0,5631.6,17126.2,74676.2,28582.2,34715.2,52227.0,175735.9,72130.4,17936.2,9064.5,19941.9,38649.6,35951.2,168942.8,219912.2,37337.5,,44.34,47.59,,3.67787459697703,4.6850965426577,11254.5,6.5,7.5,NABIL,524.0,141778.7,36.44,3.68,14.38,142.41,9.16,1.75,,,,,,,,,,,,
NABIL,Nabil Bank,True,False,2025,636787.37,7519.09,117289.49,410992.04,,524625.96,,574253.22,62534.15,27057.0,31621.65,40470.0,24143.0,16327.28,4312.0,21006.4,7570.0,5049.0,4201.0,8732.66,5922.14,0.9921434051255477,9.77161493817232,4.09864421724907,28.19207479625257,14.3204006593014,6.550780726431138,13.53146269459804,6.573656801744732,-4.437068246327714,36.03663645365221,265.1071482098251,171.1040965861782,218.4121398834305,2.465503746877602,2376.072276119403,4.48,,,11.81,,78.34001199635642,8.210004449838468,9.2835836313508,8.141846393131868,11.21056895794527,2.0,1.0,2.0,1.0,268.0,2402.0,244.0,,41.0,1189376.0,80076.0,618680.0,15757.0,,,27297.0,50087.1,17475.2,81040.7,6207.7,18878.3,82316.3,31506.4,38266.9,57570.4,193715.4,79510.1,19771.2,9991.9,21982.2,42603.8,40815.9,191803.3,249669.5,42389.8,,44.34,47.59,,4.43073194983359,2.65334269811436,,5.0,6.0,NABIL,529.8,143348.0,35.97,3.35,14.73,157.97,8.76,1.65,1.11,,,,,,,,,,,
NBL,Nepal Bank Limited,True,True,2020,190426.56,4965.06,32083.79,104588.24,106768.1,142114.28,1000.0,160244.53,30182.03,11282.82,12985.44,11526.84,5908.02,5618.82,1553.06,7171.88,3044.33,2224.85,879.63,3575.17,2332.89,,,,32.52829104781452,,,,,,42.44814469846121,,,,,,,,,16.68,15.93,73.59446214694259,5.042822327154262,4.250613738153008,4.727906638010558,4.778617494907245,6.0,12.0,8.0,10.0,,,,,,,,,,,,8172.1,12947.2,4144.8,22187.5,2072.4,4508.0,19025.5,7595.3,7734.1,16280.1,44716.9,22839.2,5394.7,1452.8,6495.0,9635.6,12284.8,38029.2,80644.0,10572.3,,35.55,56.98,,-2.3696206292072,5.05635826238499,8107.7,5.0,6.0,NBL,,,,,13.1,146.66,8.27,,,,,,,,,,,,,
NBL,Nepal Bank Limited,True,True,2021,222645.48,6528.39,30009.31,135420.47,141878.84,162813.38,,189430.33,33215.15,12636.76,16414.13,11887.17,5466.72,6420.44,953.78,8189.0,3343.72,2353.46,497.62,4572.42,2961.23,1.433759593120851,9.34183507846879,5.350172499989688,36.16106972768348,16.9193415036222,29.47963365670938,14.56510915018534,10.0494234483234,26.93397459803077,40.83184760043962,,,,,,,,,17.91,14.64,83.17527097588663,4.795003371096867,4.210340533100512,4.461772407924841,5.357816829366879,8.0,10.0,10.0,9.0,,,148.0,,63.0,468088.0,41316.0,313312.0,7125.0,,,10859.9,17205.4,5508.0,29484.9,2754.0,5990.7,25282.9,10093.3,10277.8,21634.6,59424.1,30350.8,7168.9,1930.6,8631.1,12804.7,14132.2,43748.0,92771.1,12162.2,,35.55,56.98,,4.838149614115,4.12676744440695,8226.0,3.0,4.0,NBL,,,,,10.55,176.4,9.37,,,,,,,,,,,,,
NBL,Nepal Bank Limited,True,True,2022,260077.88,13723.88,42786.91,171480.5,177574.15,196076.15,7304.18,224614.27,35463.61,14405.9,17635.51,16439.95,9725.36,6714.59,968.76,8069.86,3239.63,2451.9,853.66,3856.79,2923.28,1.211161606100853,8.512908503298544,4.375737228852683,36.22466808593954,16.8125577936727,26.6281973471219,20.42999782941672,6.769380839767392,-1.2815620536061,40.14481044280818,,,,,,4.02,1.81,110.0,14.87,11.53,87.45607255140413,5.233668321893503,5.189439767807203,5.242456474899095,4.915466447041637,6.0,8.0,5.0,7.0,,,163.0,,59.0,618902.0,49211.0,395170.0,9184.0,,,13589.5,21530.0,6892.4,36895.9,3446.2,7496.4,31637.7,12630.2,12861.1,27072.4,74360.2,37979.5,8970.8,2415.9,10800.5,16023.1,17019.4,52685.7,111724.2,14646.9,,35.55,56.98,,5.6313145568451,7.6702057938028,9411.7,6.0,7.0,NBL,,,,,12.59,174.67,8.12,,,,,,,,,,,,,
NBL,Nepal Bank Limited,True,True,2023,296735.6,28987.88,56946.18,178556.57,183808.33,244514.0,262.3,260212.93,36522.67,14694.02,21828.26,25158.12,15751.16,9406.95,1019.38,10625.89,5178.21,3885.52,1113.35,4411.61,3437.58,1.234733038431469,9.550653263371855,5.37483072864254,32.3509842469666,14.09490111192846,4.126457527240701,24.70359092628043,2.98632880296168,17.59325141621739,48.73201209498687,,,,,,3.96,1.78,110.0,13.9,10.68,73.02509058785999,4.801151980318409,4.53914155649432,4.885959951473946,6.076202556346961,10.0,12.0,10.0,7.0,,,223.0,,65.0,921923.0,67398.0,567921.0,14156.0,,,13049.6,22786.2,7362.2,36664.0,3110.6,8024.9,33884.8,12939.2,15295.1,27387.6,85733.4,31915.4,9055.6,2834.5,10767.3,16381.0,15648.9,74430.1,134971.7,19463.3,,36.84,55.2,,1.98254843461849,7.11587261530826,10764.4,7.5,8.5,NBL,,,,,16.68,186.41,9.36,,,,,,,,,,,,,
NBL,Nepal Bank Limited,True,True,2024,340353.23,61365.94,46407.77,194667.77,201538.99,283083.75,,304717.54,35635.69,14694.02,21906.74,25158.12,15751.16,9406.95,1019.38,10625.89,5178.21,3885.52,1113.35,4411.61,3437.58,1.07915249432328,9.527877296546096,5.040909175430521,32.3509842469666,14.69915642073281,9.023022787680102,15.77404565791733,-2.428573814565027,0.0,48.73201209498687,,,,,,3.87,1.74,110.0,14.4,11.05,68.76684726693072,4.935892895015005,4.630340586823031,4.996403406738096,6.451841758538755,10.0,12.0,10.0,6.0,,,240.0,,56.0,1057054.0,66254.0,587887.0,14368.0,,,12947.9,23758.0,8289.1,38440.4,2944.5,8954.6,39045.5,14944.6,18151.3,27307.6,91886.0,37714.4,9378.2,4739.5,10426.9,20208.5,22023.9,103495.4,134719.6,22873.2,,44.34,47.59,,3.67787459697703,4.6850965426577,11254.5,6.5,7.5,NBL,229.5,33722.7,1207.89,0.95,,,0.08,0.03,,,,,,,,,,,,
NBL,Nepal Bank Limited,True,True,2025,398641.67,74871.81,60728.43,220499.78,227541.87,332092.37,,361025.01,37616.66,14694.02,24341.19,23122.46,12983.18,10139.29,1473.81,11995.32,5292.96,3860.4,2254.37,4455.29,3078.03,0.8330314593510728,8.403907860976474,4.884432803093595,25.66025750042516,17.12586655928019,13.26979294004344,17.31241019662908,5.558949468917262,-10.4593929450369,44.12520883144426,,,,,,,,,,,66.3971231859377,5.139627509557921,4.980700230409456,5.153852975310474,5.826688928263142,8.0,10.0,8.0,9.0,,,244.0,,41.0,1189376.0,80076.0,618680.0,15757.0,,,14617.1,26820.8,9357.7,43395.9,3324.1,10109.0,44079.0,16871.1,20491.3,30828.0,103731.3,42576.3,10587.2,5350.5,11771.1,22813.6,25836.8,121413.0,158042.8,26833.1,,44.34,47.59,,4.43073194983359,2.65334269811436,,5.0,6.0,NBL,281.82,41410.6,13.45,1.1,,,8.38,2.97,22.8,,,,,,,,,,,
NICA,NIC Asia Bank,True,False,2020,251852.89,12294.51,29317.24,160185.66,,201630.38,,234617.35,17235.54,9717.65,5824.11,20723.32,13118.48,7604.83,3078.38,10683.21,5134.690000000001,2910.17,1113.71,4397.29,3098.54,,,,29.00382937338122,,,,,,48.06317576833182,,,,,,,,,13.16,8.18,79.44520066866907,6.66949703261103,6.510171383045615,6.707908677626142,6.346950543176015,3.0,2.0,3.0,4.0,,,,,,,,,,,,13226.3,20954.6,6708.2,35909.7,3354.1,7296.1,30792.1,12292.6,12517.4,26348.8,72372.8,36964.4,8731.1,2351.3,10511.9,15594.9,17501.5,54178.1,114889.0,15061.8,,35.55,56.98,,-2.3696206292072,5.05635826238499,8107.7,5.0,6.0,NICA,,,,,,,12.75,,,,,,,,,,,,,
NICA,NIC Asia Bank,True,False,2021,346147.52,23902.66,33293.73,263059.81,,287024.8,,325243.9,20903.62,11564.01,7740.06,23562.13,14334.63,9227.5,1840.7,11354.37,5330.52,3347.94,1225.62,4646.17,3258.93,1.089942396527788,17.08967895464923,4.360353815482066,28.70198874970606,37.44036052157274,64.22182235288727,42.35196104872687,21.28207181208131,5.176308842228927,46.9468583461698,,,,,,,,,12.41,7.51,91.65055075380246,7.454804495904523,8.178758947393398,7.865688514237257,5.896451812162042,1.0,1.0,1.0,7.0,,,148.0,,63.0,468088.0,41316.0,313312.0,7125.0,,,20124.1,31882.8,10206.7,54637.5,5103.4,11101.1,46851.0,18703.6,19045.5,40090.3,110116.8,56242.2,13284.5,3577.6,15994.0,23728.0,24913.8,77123.6,163546.7,21440.8,,35.55,56.98,,4.838149614115,4.12676744440695,8226.0,3.0,4.0,NICA,,,,,14.96,136.97,11.27,,,,,,,,,,,,,
NICA,NIC Asia Bank,True,False,2022,358569.84,27813.32,39048.16,252448.48,,289903.96,,333726.69,24843.15,11564.01,9852.07,32771.91,21482.31,11289.6,2369.65,13817.52,6987.01,4500.75,865.26,5996.2,4214.93,1.196204390367225,18.42722447945505,4.379987759265714,30.5042438874704,3.588735808362875,-4.033808889316837,1.003104958177836,18.84616157392836,29.33478166146559,50.56631001800612,,,,,,4.5,2.02,100.0,13.37,10.53,87.0800385065454,7.215667909913837,7.639738520907516,7.751115534453773,7.087363164537508,3.0,3.0,2.0,4.0,,,163.0,,59.0,618902.0,49211.0,395170.0,9184.0,,,20390.9,32305.6,10342.1,55362.0,5171.0,11248.3,47472.2,18951.6,19298.1,40621.9,111577.0,56987.9,13460.7,3625.1,16206.1,24042.6,25163.7,77897.2,165187.3,21655.8,,35.55,56.98,,5.6313145568451,7.6702057938028,9411.7,6.0,7.0,NICA,,,,,17.76,142.1,14.58,,,,,,,,,,,,,
NICA,NIC Asia Bank,True,False,2023,364089.29,20443.34,34321.04,271738.51,,311367.92,,334698.33,29390.96,11564.01,14292.72,38372.72,26113.9,12258.81,2712.01,15026.71,7767.95,4961.1,721.96,6168.37,4444.77,1.230115227354839,16.39104983929855,4.677266026766516,29.57912943019464,1.53929566413058,7.641174943893492,7.403817457340001,18.30609242386734,5.452996846922731,51.69428304665492,,,,,,3.99,1.8,100.0,12.4,9.68,87.2724813783,5.890927868770122,6.907948350715111,6.221857183203184,7.856492892201573,6.0,5.0,6.0,3.0,,,223.0,,65.0,921923.0,67398.0,567921.0,14156.0,,,19266.3,33641.2,10869.5,54130.3,4592.4,11847.8,50027.1,19103.2,22581.5,40434.7,126575.8,47119.5,13369.5,4184.8,15896.7,24184.7,19927.5,94780.4,171875.1,24784.9,,36.84,55.2,,1.98254843461849,7.11587261530826,10764.4,7.5,8.5,NICA,,,,,16.44,141.23,15.38,,,,,,,,,,,,,
NICA,NIC Asia Bank,True,False,2024,410467.84,16749.17,60089.19,282203.59,,354096.86,,380948.33,29519.51,14917.57,17268.91,38521.1,27757.85,10763.25,2285.55,13272.43,7351.91,4468.6,3886.81,946.72,701.5,0.1811357672222319,2.381580048504111,3.886055961444345,5.285392350910874,12.73823517302583,3.851158232964491,13.72297441560453,0.4373793846815355,-84.217406075005,55.39234337645781,,,,,,3.6,1.62,100.0,12.9,10.05,79.69672196471893,5.952713582557028,6.712455464631696,6.249778581848171,1.31661430239149,5.0,4.0,5.0,18.0,,,240.0,,56.0,1057054.0,66254.0,587887.0,14368.0,,,18117.5,33243.6,11598.6,53788.0,4120.2,12529.8,54634.6,20911.3,25398.3,38210.4,128572.0,52772.1,13122.5,6631.8,14589.9,28276.8,27548.7,129457.8,168514.7,28611.0,,44.34,47.59,,3.67787459697703,4.6850965426577,11254.5,6.5,7.5,NICA,443.2,66116.6,27.96,2.81,15.85,157.47,1.88,0.42,,,,,,,,,,,,
NICA,NIC Asia Bank,True,False,2025,374848.7,16167.21,48569.99,228325.9,,319065.9,,349148.16,25700.54,14917.57,21467.26,28714.13,18559.98,10154.16,1534.71,11654.96,6427.879999999999,3830.33,9724.75,-5553.06,-3863.16,-0.983847863436061,-13.99187432825577,3.977893617859372,-33.1460597033366,-8.67769323901234,-19.09178051207642,-9.893044518948846,-12.93710498582124,-650.6999287241624,55.15145483124782,,,,,,,,,,,71.56073400510678,4.832868301103656,5.157478446184601,4.95169081432107,-7.312934441869974,9.0,8.0,9.0,20.0,,,244.0,,41.0,1189376.0,80076.0,618680.0,15757.0,,,14658.5,26896.8,9384.2,43518.9,3333.6,10137.7,44203.9,16918.9,20549.3,30915.3,104025.3,42696.9,10617.2,5365.7,11804.4,22878.3,24823.3,116650.5,151843.5,25780.5,,44.34,47.59,,4.43073194983359,2.65334269811436,,5.0,6.0,NICA,413.64,61706.8,46.01,2.81,8.99,147.27,,,-6.67,,,,,,,,,,,
NIMB,Nepal Investment Mega Bank,True,False,2020,203153.97,10013.89,23582.66,135457.51,,166362.13,,175833.72,27320.25,14248.95,11415.59,15201.33,9423.66,5777.67,2299.16,8076.83,2564.35,1442.95,-1997.25,3512.27,2423.19,,,,30.00174573440322,,,,,,31.74946111283759,,,,,,,,,13.23,11.52,81.4232842534536,5.379866000656773,5.505184454217783,5.534592433220471,4.963585135811927,5.0,5.0,5.0,9.0,,,,,,,,,,,,10710.2,16968.3,5432.1,29078.4,2716.0,5908.1,24934.4,9954.2,10136.2,21336.3,58604.9,29932.5,7070.1,1904.0,8512.1,12628.2,14440.2,44701.5,94793.1,12427.3,,35.55,56.98,,-2.3696206292072,5.05635826238499,8107.7,5.0,6.0,NIMB,,,,,16.21,162.7,6.8,,,,,,,,,,,,,
NIMB,Nepal Investment Mega Bank,True,False,2021,227930.13,15554.03,35168.05,161911.53,,174557.7,,195695.22,32234.91,16257.33,14136.17,13712.05,8118.99,5593.05,2801.96,8395.02,2833.82,1708.09,-441.67,5058.87,3558.61,1.651004989513647,11.95063534377206,3.761689515492265,42.38953570092745,12.19575477653723,19.52938600451166,4.92634351339456,17.98907403848793,46.85641654183122,33.75596484582527,,,,,,,,,14.64,11.03,92.75530669801446,4.908816211874354,5.033970695385413,4.783616244873868,6.438669251342607,7.0,6.0,6.0,3.0,,,148.0,,63.0,468088.0,41316.0,313312.0,7125.0,,,12386.2,19623.7,6282.2,33629.0,3141.1,6832.7,28836.4,11511.9,11722.4,24675.3,67776.2,34616.7,8176.5,2202.0,9844.2,14604.4,15151.6,46903.7,99463.0,13039.5,,35.55,56.98,,4.838149614115,4.12676744440695,8226.0,3.0,4.0,NIMB,,,,,,,8.76,,,,,,,,,,,,,
NIMB,Nepal Investment Mega Bank,True,False,2022,244448.79,11148.24,44572.88,164816.43,,184791.07,3825.0,210456.88,33991.91,18307.54,14376.71,16703.93,10884.94,5818.99,1592.63,8067.25,3084.49,1874.39,-1306.89,5388.45,3797.6,1.607861756405218,11.46846549479501,3.561978595281531,47.07428181846354,7.247247215626995,1.794127941351675,5.86245694117189,5.450612395071075,6.715824437069529,38.23471443180762,,,,,,4.5,2.02,100.0,13.37,10.53,89.19068978820242,4.919156863890914,4.987767916643653,4.940729106650819,6.385626891466202,9.0,9.0,8.0,5.0,,,163.0,,59.0,618902.0,49211.0,395170.0,9184.0,,,12608.5,19975.8,6394.9,34232.4,3197.4,6955.3,29353.8,11718.4,11932.7,25118.0,68992.2,35237.8,8323.2,2241.5,10020.8,14866.4,16039.9,49653.4,105294.0,13803.9,,35.55,56.98,,5.6313145568451,7.6702057938028,9411.7,6.0,7.0,NIMB,,,,,,,8.3,,,,,,,,,,,,,
NIMB,Nepal Investment Mega Bank,True,False,2023,446185.52,36379.69,58977.27,311617.69,,354414.42,11803.5,390584.88,55600.64,34128.59,24943.76,35126.12,22819.02,12307.1,2096.41,14768.57,4932.639999999999,3036.3,3200.3,5337.08,3720.83,1.077510904432188,8.306114738334827,5.166338632506001,25.19424697177858,82.52719516427143,89.06955453409591,91.79196267438678,63.57021420685096,-2.021539919949444,33.3995776165194,,,,,,3.99,1.8,100.0,12.4,9.68,87.92466457769976,7.219236562574221,7.921729267188344,7.082026642011773,6.576869995093195,3.0,3.0,3.0,4.0,,,223.0,,65.0,921923.0,67398.0,567921.0,14156.0,,,22093.7,38578.3,12464.7,62074.2,5266.3,13586.5,57368.8,21906.7,25895.4,46368.7,145151.5,54034.5,15331.6,4798.9,18229.6,27734.0,22682.5,107883.7,195636.8,28211.4,,36.84,55.2,,1.98254843461849,7.11587261530826,10764.4,7.5,8.5,NIMB,,,,,,,4.36,,,,,,,,,,,,,
NIMB,Nepal Investment Mega Bank,True,False,2024,491541.73,12470.53,103529.35,305494.82,,403416.96,5334.0,431369.28,60172.46,34128.59,31737.09,43153.41,28036.49,15116.92,2332.33,17772.54,6268.52,3768.83,5111.56,5664.72,4108.89,0.8763507725727284,7.098177383174503,4.899242765310332,23.11931777900064,10.16532540096773,-1.964865986908504,13.82633923303687,8.222603193056766,10.42939344178584,35.27081666435974,,,,,,3.6,1.62,100.0,12.9,10.05,75.72681624490947,7.128468658018565,7.266457432117275,7.120274029434491,7.711793786106014,4.0,3.0,4.0,3.0,,,240.0,,56.0,1057054.0,66254.0,587887.0,14368.0,,,20397.7,37427.5,13058.3,60557.6,4638.7,14106.8,61510.7,23543.1,28594.9,43019.4,144753.6,59413.8,14774.0,7466.4,16426.2,31835.6,31385.8,147489.2,191986.1,32596.1,,44.34,47.59,,3.67787459697703,4.6850965426577,11254.5,6.5,7.5,NIMB,175.1,59759.9,5.1,0.68,34.3,256.05,4.82,2.75,,,,,,,,,,,,
NIMB,Nepal Investment Mega Bank,True,False,2025,562905.06,13325.36,138556.34,323177.81,,472347.47,2744.0,497923.0100000001,64982.05,34128.59,33308.57,36175.66,21973.04,14202.62,2767.01,17652.48,6546.1,-3996.51,-4375.38,6198.8,4332.28,0.8217161911033937,6.923090506286989,4.518287999908633,24.54204734972083,14.51826480734404,5.788310911458328,17.08666636127543,7.993008761815634,5.436748124189239,37.0831747153941,,,,,,,,,,,68.41950693628146,7.257450862187468,7.300015413757889,7.330518956638102,8.200975269940788,4.0,3.0,4.0,4.0,,,244.0,,41.0,1189376.0,80076.0,618680.0,15757.0,,,21735.6,39882.5,13914.9,64529.8,4943.0,15032.1,65545.5,25087.4,30470.5,45841.2,154248.6,63311.0,15743.1,7956.2,17503.6,33923.9,36748.6,172690.2,224790.2,38165.7,,44.34,47.59,,4.43073194983359,2.65334269811436,,5.0,6.0,NIMB,227.4,77609.3,6.95,0.93,32.7,244.57,5.08,2.23,29.87,,,,,,,,,,,
NMB,NMB Bank,True,False,2020,179423.37,11101.11,14998.76,115703.26,,131660.37,3416.31,158556.92,20866.45,13950.99,5831.29,14442.97,8946.75,5496.22,1405.97,6902.19,2824.75,1647.5,1627.17,2434.8,1712.78,,,,24.81502247837281,,,,,,40.92541642580109,,,,,,,,,14.56,12.51,87.88009634182252,4.751438960244097,4.70234384386896,4.380122372543605,3.508403942289277,9.0,8.0,10.0,15.0,,,,,,,,,,,,9205.6,14584.5,4669.0,24993.4,2334.5,5078.1,21431.5,8555.8,8712.2,18339.0,50372.0,25727.5,6076.9,1636.5,7316.3,10854.2,11428.1,35377.1,75020.1,9835.0,,35.55,56.98,,-2.3696206292072,5.05635826238499,8107.7,5.0,6.0,NMB,,,,,18.64,232.04,4.91,,,,,,,,,,,,,
NMB,NMB Bank,True,False,2021,231546.86,13887.37,17453.56,151014.12,,164489.29,7443.81,207603.08,23943.77,16325.96,5102.47,13983.69,8323.03,5660.66,1177.64,7416.36,3212.93,2089.7,382.41,3844.88,2711.07,1.319351039125146,12.1002307062987,4.244687766504005,36.55526430755789,29.05055790669855,30.51846594469334,24.9345494016157,14.74769306710053,58.28477679561883,43.32219579416318,,,,,,,,,15.09,11.4,91.80787393513583,4.986707901130058,4.695160713195757,4.507699401125064,4.90519698624952,5.0,7.0,8.0,11.0,,,148.0,,63.0,468088.0,41316.0,313312.0,7125.0,,,11950.0,18932.5,6060.9,32444.5,3030.4,6592.0,27820.7,11106.4,11309.5,23806.2,65388.9,33397.4,7888.5,2124.4,9497.5,14090.0,14277.7,44198.3,93726.0,12287.3,,35.55,56.98,,4.838149614115,4.12676744440695,8226.0,3.0,4.0,NMB,,,,,23.67,210.34,6.64,,,,,,,,,,,,,
NMB,NMB Bank,True,False,2022,255150.61,12787.64,31724.85,174948.36,,184817.11,12997.4,228279.65,26870.96,18366.71,6953.47,19168.86,12781.32,6387.54,1689.47,8539.94,3917.79,2539.35,-37.23,4615.29,3291.09,1.352417139131625,12.95329129958971,3.919187263515727,38.53762438611981,10.19394087227095,15.84900802653419,12.35814197994287,12.22526778364477,21.39450475273601,45.87608343852533,,,,,,4.5,2.02,100.0,13.37,10.53,94.6602617041247,5.134514572591884,5.294386106272437,4.941425333941115,5.53393532921727,7.0,6.0,7.0,6.0,,,163.0,,59.0,618902.0,49211.0,395170.0,9184.0,,,13836.4,21921.3,7017.7,37566.4,3508.8,7632.6,32212.7,12859.7,13094.9,27564.4,75711.5,38669.7,9133.9,2459.8,10996.8,16314.3,16042.1,49660.4,105308.8,13805.8,,35.55,56.98,,5.6313145568451,7.6702057938028,9411.7,6.0,7.0,NMB,,,,,22.9,216.86,7.17,,,,,,,,,,,,,
NMB,NMB Bank,True,False,2023,287777.14,15815.35,32374.91,189035.4,,210304.69,14814.9,259342.72,28434.42,18366.71,8926.89,26622.46,18280.0,8342.46,1833.47,10329.75,4200.61,2689.18,1453.82,4609.16,3222.55,1.187100861947101,11.65365828785554,4.583973746520998,31.19678598223577,12.7871651962737,8.052113206434175,13.79070368538931,5.818400235793586,-2.082592697252272,40.66516614632494,,,,,,3.99,1.8,100.0,12.4,9.68,89.88644047833645,4.656205004055354,4.805527121116441,4.202378158089693,5.696119522441922,11.0,9.0,12.0,9.0,,,223.0,,65.0,921923.0,67398.0,567921.0,14156.0,,,13907.2,24283.6,7846.1,39073.5,3315.0,8552.2,36111.6,13789.5,16300.2,29187.4,91367.6,34012.7,9650.7,3020.7,11474.9,17457.5,13459.5,64016.7,116088.2,16740.3,,36.84,55.2,,1.98254843461849,7.11587261530826,10764.4,7.5,8.5,NMB,,,,,21.89,231.12,7.02,,,,,,,,,,,,,
NMB,NMB Bank,True,False,2024,294868.16,17746.26,33772.8,202434.63,,223942.59,11552.66,265896.65,28971.51,18366.71,10698.65,25682.54,18465.8,7216.74,1987.21,9399.14,4108.07,2634.45,2037.97,3235.55,2244.4,0.7704172675897325,7.819401236074393,3.686994889493839,23.87878039905779,2.464066464765047,7.088212049171738,6.48482922563447,1.88887271131255,-30.35329164791858,43.70687105416027,,,,,,3.6,1.62,100.0,12.9,10.05,90.39577063032092,4.27625633495574,4.815082041919436,3.952567109873854,4.212415025356322,14.0,10.0,14.0,13.0,,,240.0,,56.0,1057054.0,66254.0,587887.0,14368.0,,,12996.3,23846.8,8320.1,38584.0,2955.5,8988.1,39191.3,15000.4,18219.1,27409.6,92229.2,37855.3,9413.2,4757.2,10465.9,20283.9,17422.7,81873.4,106574.3,18094.6,,44.34,47.59,,3.67787459697703,4.6850965426577,11254.5,6.5,7.5,NMB,218.0,40040.1,17.84,1.38,,,4.89,2.24,,,,,,,,,,,,
NMB,NMB Bank,True,False,2025,351592.51,33385.65,32508.75,228456.3,,280926.47,3987.5,319417.9,32174.61,18366.71,11906.52,22267.95,14247.06,8020.89,2426.66,10884.52,4506.35,3012.76,1638.17,4085.19,2854.64,0.8831596823980027,9.337109206602152,3.7229328544929,26.22660438861796,19.23719061427318,12.85435698427684,25.44575375322755,11.0560340141056,27.18944929602565,41.40145821772573,,,,,,,,,,,81.32245423508864,4.533029717015078,5.160423951663316,4.359792196529442,5.403813244892705,13.0,7.0,13.0,11.0,,,244.0,,41.0,1189376.0,80076.0,618680.0,15757.0,,,15340.8,28148.7,9821.0,45544.5,3488.7,10609.5,46261.4,17706.4,21505.8,32354.3,108867.2,44684.3,11111.3,5615.4,12353.9,23943.1,21856.1,102706.7,133692.9,22698.9,,44.34,47.59,,4.43073194983359,2.65334269811436,,5.0,6.0,NMB,265.68,48797.4,17.1,1.52,,,6.22,2.34,21.87,,,,,,,,,,,
PCBL,Prime Commercial Bank,True,False,2020,152219.67,10379.97,13684.28,110454.3,,119441.61,,131673.73,20545.94,13985.25,4795.69,12233.26,7592.64,4640.62,1160.87,5801.49,1766.74,1093.78,766.21,3268.54,2251.48,,,,38.80865088106676,,,,,,30.45321115782325,,,,,,,,,13.4,12.71,92.4755619084505,4.031038267498261,4.48901869864216,3.973624471613044,4.611859846556745,14.0,11.0,13.0,11.0,,,,,,,,,,,,8763.2,13883.7,4444.6,23792.5,2222.3,4834.1,20401.7,8144.7,8293.6,17457.7,47951.5,24491.2,5784.9,1557.9,6964.8,10332.6,10367.5,32094.0,68057.8,8922.3,,35.55,56.98,,-2.3696206292072,5.05635826238499,8107.7,5.0,6.0,PCBL,,,,,,,6.44,,,,,,,,,,,,,
PCBL,Prime Commercial Bank,True,False,2021,190537.22,7864.97,23426.85,135383.78,,154139.51,,166595.71,23941.51,16083.04,5139.31,14009.66,8060.77,5948.89,1408.06,7842.66,2388.03,1591.34,769.3,4685.33,3268.4,1.907124317763532,14.69358212259862,4.839681468387648,41.67463590159461,25.17253519206815,22.56994974392124,29.05009401664964,16.52672012086087,45.16673477001794,30.4492353359702,,,,,,,,,15.1,12.58,87.83197766750393,4.103503975106189,4.209199808997579,4.224071834200943,5.913586085884146,12.0,11.0,12.0,6.0,,,148.0,,63.0,468088.0,41316.0,313312.0,7125.0,,,10823.3,17147.6,5489.5,29385.7,2744.7,5970.5,25197.9,10059.3,10243.3,21561.8,59224.2,30248.8,7144.8,1924.1,8602.1,12761.6,13379.3,41417.3,87828.7,11514.2,,35.55,56.98,,4.838149614115,4.12676744440695,8226.0,3.0,4.0,PCBL,,,,,20.68,266.16,8.13,,,,,,,,,,,,,
PCBL,Prime Commercial Bank,True,False,2022,210361.9,20626.14,31402.84,147053.9,,160203.35,,183356.19,27005.71,18656.32,6610.53,18301.36,12114.39,6186.97,1230.74,7663.23,2471.95,1670.36,1239.84,3951.43,2787.34,1.390544334445035,10.94206906677146,4.381122235531747,36.37291324937396,10.40462330666942,8.620028189492125,3.933994600086632,12.79869147768875,-14.71851670542161,32.25728576592377,,,,,,4.5,2.02,100.0,13.37,10.53,91.79202557249894,4.233210498960268,4.450228198956403,4.283331193049364,4.68688467970808,14.0,11.0,14.0,9.0,,,163.0,,59.0,618902.0,49211.0,395170.0,9184.0,,,11760.1,18631.7,5964.6,31929.0,2982.3,6487.3,27378.7,10930.0,11129.8,23427.9,64350.0,32866.8,7763.2,2090.7,9346.6,13866.1,13905.7,43046.6,91283.9,11967.2,,35.55,56.98,,5.6313145568451,7.6702057938028,9411.7,6.0,7.0,PCBL,,,,,23.43,262.84,5.98,,,,,,,,,,,,,
PCBL,Prime Commercial Bank,True,False,2023,220827.81,26355.11,29067.66,159583.6,,174058.04,2630.0,193654.39,27173.42,19402.58,8437.8,23159.25,16018.5,7140.75,1354.54,8610.23,2450.41,1600.42,4106.19,1981.55,1027.9,0.4767739007500899,3.794450003165426,4.657453833924422,11.93812476554053,4.97519275115883,8.520481265712787,8.648189941096728,0.621016814592168,-63.12254694439861,28.45928622115785,,,,,,3.99,1.8,100.0,12.4,9.68,91.68413019013659,3.572971619485081,4.05682384297014,3.478085560221706,1.816896947174769,15.0,13.0,16.0,18.0,,,223.0,,65.0,921923.0,67398.0,567921.0,14156.0,,,11314.5,19756.4,6383.3,31789.1,2697.0,6957.8,29379.3,11218.7,13261.4,23746.0,74334.0,27671.8,7851.5,2457.6,9335.6,14202.9,11139.7,52983.3,96080.0,13855.0,,36.84,55.2,,1.98254843461849,7.11587261530826,10764.4,7.5,8.5,PCBL,,,,,20.29,246.17,2.12,,,,,,,,,,,,,
PCBL,Prime Commercial Bank,True,False,2024,267002.38,22286.5,47583.46,189967.93,,211160.28,2674.0,236350.03,30652.35,19402.58,10254.43,25799.3,17916.53,7882.78,1874.21,9834.11,2884.47,2047.43,1636.72,5047.04,3507.89,1.438160274582432,12.13261838104361,4.510224858692507,35.67064025112592,20.90976222605296,19.03975721816025,21.31601619781538,12.8026946920925,241.2676330382332,29.33127654663207,,,,,,3.6,1.62,100.0,12.9,10.05,89.96385589183723,3.872139395868512,4.518550844208861,3.72696045731968,6.583803485696482,15.0,13.0,15.0,5.0,,,240.0,,56.0,1057054.0,66254.0,587887.0,14368.0,,,12195.9,22378.2,7807.7,36207.9,2773.5,8434.6,36777.8,14076.6,17097.1,25721.7,86549.4,35524.0,8833.5,4464.2,9821.3,19034.8,16428.3,77200.2,100491.2,17061.8,,44.34,47.59,,3.67787459697703,4.6850965426577,11254.5,6.5,7.5,PCBL,221.8,43035.9,9.48,0.89,23.39,248.55,7.23,3.26,,,,,,,,,,,,
PCBL,Prime Commercial Bank,True,False,2025,316491.57,36886.1,52379.42,209099.21,,263360.69,2750.0,283601.09,32890.48,19402.58,11754.6,23628.5,14710.34,8918.16,1914.54,11245.93,3142.39,2293.84,2720.74,4763.4,3200.76,1.097101349551268,10.07433883571128,4.469503552710454,28.46149673704176,18.53511193420822,10.07079458095901,24.72075240665528,7.301658763520602,-8.755405671215454,27.94246451827461,,,,,,,,,,,79.39651509874157,4.080478540327148,4.72318150805155,4.087182959778087,6.059015946572169,15.0,14.0,15.0,8.0,,,244.0,,41.0,1189376.0,80076.0,618680.0,15757.0,,,13997.5,25683.8,8961.0,41556.4,3183.2,9680.5,42210.4,16156.0,19622.6,29521.1,99334.1,40771.4,10138.4,5123.7,11272.1,21846.5,20489.5,96284.7,125333.4,21279.5,,44.34,47.59,,4.43073194983359,2.65334269811436,,5.0,6.0,PCBL,272.42,52857.7,1433.79,1.12,0.19,242.52,6.6,2.42,22.82,,,,,,,,,,,
PRVU,Prabhu Bank,True,False,2020,167726.5,7677.02,20280.79,99692.11,103272.06,128494.35,495.18,152119.68,15606.82,10315.51,4185.5,11797.45,7276.49,4520.96,1309.82,5830.77,3488.79,2156.7,536.66,1761.75,1194.2,,,,20.48099993654354,,,,,,59.83412139391537,,,,,,,,,11.59,9.76,77.58481987729421,4.441685755681556,4.051628102274796,4.274794132664585,2.446161204522388,11.0,14.0,11.0,20.0,,,,,,,,,,,,7902.1,12519.4,4007.9,21454.5,2003.9,4359.1,18396.9,7344.3,7478.6,15742.2,43239.4,22084.6,5216.4,1404.8,6280.4,9317.2,11174.7,34592.6,73356.5,9616.9,,35.55,56.98,,-2.3696206292072,5.05635826238499,8107.7,5.0,6.0,PRVU,,,,,20.95,256.0,4.63,,,,,,,,,,,,,
PRVU,Prabhu Bank,True,False,2021,215513.53,8371.9,33356.5,135117.77,142456.9,164850.5,,198402.26,17111.27,11347.06,4164.83,12899.28,7875.97,5023.3,1140.53,6714.07,3994.83,2509.06,115.97,2456.01,1720.87,0.8980638061217143,10.51937934029768,4.278610423036714,25.63080218109135,28.49104345467175,35.53506892370919,28.2939677892452,9.639695979065577,44.10232791827162,59.49937966092102,,,,,,,,,13.07,8.66,81.96382176578172,4.641406162240464,4.200929326069776,4.517598076599196,3.113606929266751,10.0,13.0,7.0,17.0,,,148.0,,63.0,468088.0,41316.0,313312.0,7125.0,,,10899.7,17268.6,5528.2,29593.1,2764.1,6012.7,25375.7,10130.3,10315.6,21714.0,59642.2,30462.3,7195.3,1937.7,8662.8,12851.7,14309.0,44295.3,93931.8,12314.3,,35.55,56.98,,4.838149614115,4.12676744440695,8226.0,3.0,4.0,PRVU,,,,,,,6.07,,,,,,,,,,,,,
PRVU,Prabhu Bank,True,False,2022,232753.0,21191.21,49700.75,145381.57,145358.25,178652.18,,213605.25,19147.75,12708.7,5406.07,17030.03,11287.22,5742.81,1376.88,7528.72,4245.91,2702.89,430.58,2746.38,1902.02,0.8486112045884844,10.4912929251811,4.094704821765357,25.26352421128691,7.999251833515975,7.59618812536651,8.372240302577172,11.90139598054381,10.52665221661138,56.3961735859482,,,,,,4.5,2.02,100.0,13.37,10.53,81.37687992388338,4.683797033894917,4.39961920372431,4.776594592436859,3.198227843929467,10.0,13.0,9.0,19.0,,,163.0,,59.0,618902.0,49211.0,395170.0,9184.0,,,11121.7,17620.2,5640.8,30195.8,2820.4,6135.1,25892.5,10336.6,10525.6,22156.2,60856.7,31082.6,7341.8,1977.2,8839.2,13113.4,15507.0,48003.8,101796.0,13345.3,,35.55,56.98,,5.6313145568451,7.6702057938028,9411.7,6.0,7.0,PRVU,,,,,,,5.99,,,,,,,,,,,,,
PRVU,Prabhu Bank,True,False,2023,347976.38,20703.82,69573.75,234154.9,234057.22,289090.93,657.5,316624.18,31352.2,23542.49,10046.08,29892.78,19826.34,10066.44,1678.82,12156.97,5394.96,3287.89,5210.17,1417.92,280.22,0.09650622463771336,1.109783277013146,5.304596946902099,2.305015147688939,49.5045735178494,61.06229971240506,61.81774552093346,63.7382982334739,-85.2672421951399,44.37750525007465,,,,,,3.99,1.8,100.0,12.4,9.68,80.99697212914981,5.630222615490124,5.952523826184451,5.776710970800681,0.4953116670272533,8.0,7.0,8.0,20.0,,,223.0,,65.0,921923.0,67398.0,567921.0,14156.0,,,16601.6,28988.4,9366.2,46643.7,3957.2,10209.2,43107.9,16461.1,19458.3,34842.2,109069.4,40602.5,11520.4,3606.0,13698.1,20839.8,18501.8,87999.3,159578.2,23011.6,,36.84,55.2,,1.98254843461849,7.11587261530826,10764.4,7.5,8.5,PRVU,,,,,,,0.48,,,,,,,,,,,,,
PRVU,Prabhu Bank,True,False,2024,361118.71,23721.1,93329.98,221045.6,220939.92,305012.85,668.25,328479.0,32639.71,23542.49,12122.75,31899.38,20008.48,11890.89,2009.14,14538.48,6668.56,4435.46,4719.87,3149.45,510.86,0.1440878683844786,1.5966393251897,5.224462626908362,3.51384738982342,3.776787953251315,-5.5985589026751,5.507581991589983,4.106601769572782,82.30675897509099,45.86834387088609,,,,,,3.6,1.62,100.0,12.9,10.05,72.47091393034754,5.237039398585947,5.257759993956108,5.383450102094859,0.9588105239055116,8.0,8.0,8.0,19.0,,,240.0,,56.0,1057054.0,66254.0,587887.0,14368.0,,,14191.1,26039.2,9085.0,42131.3,3227.3,9814.4,42794.4,16379.5,19894.1,29929.6,100708.4,41335.5,10278.6,5194.6,11428.1,22148.8,23730.0,111512.7,145155.6,24645.0,,44.34,47.59,,3.67787459697703,4.6850965426577,11254.5,6.5,7.5,PRVU,163.7,38538.3,5.13,0.92,31.88,177.43,0.87,0.53,,,,,,,,,,,,
PRVU,Prabhu Bank,True,False,2025,405608.23,29811.49,119483.76,225455.92,225350.24,342188.54,687.75,372039.76,33568.47,23542.49,12591.63,23229.5,16031.64,7197.86,2461.85,10572.63,6309.94,4129.92,2402.87,1882.17,872.33,0.2275464587171021,2.635112458913687,3.224114444224064,8.250832574297975,12.31991552030078,1.995208228528411,12.18823731524754,2.84549096790383,70.75715460204361,59.68183886128617,,,,,,,,,,,65.88646130580528,5.229446327101471,5.092650671538883,5.31053882688165,1.651314494268017,7.0,9.0,7.0,18.0,,,244.0,,41.0,1189376.0,80076.0,618680.0,15757.0,,,14474.3,26558.7,9266.2,42971.9,3291.7,10010.2,43648.3,16706.3,20291.0,30526.7,102717.7,42160.3,10483.7,5298.2,11656.1,22590.7,26622.3,125104.1,162847.5,27648.8,,44.34,47.59,,4.43073194983359,2.65334269811436,,5.0,6.0,PRVU,220.62,51938.4,7.83,1.22,28.18,180.76,1.48,0.67,34.77,,,,,,,,,,,
RBB,Rastriya Banijya Bank,False,True,2020,266390.91,7093.86,74770.09,150808.04,154879.46,230902.64,230827.71,243736.72,23029.54,23447.05,1353.42,17160.17,7711.77,9448.4,1249.85,10698.26,4598.07,3103.92,160.53,6234.76,4377.32,,,,40.91618637049389,,,,,,42.97960602939169,,,,,,,,,12.68,12.0,65.31239313677834,7.054488768262901,6.129051666305203,7.681748268999867,8.966362722977673,2.0,3.0,1.0,1.0,,,,,,,,,,,,11877.0,18816.9,6023.9,32246.4,3011.9,6551.7,27650.8,11038.6,11240.4,23660.8,64989.6,33193.4,7840.4,2111.5,9439.5,14004.0,20042.3,62043.5,131568.3,17248.4,,35.55,56.98,,-2.3696206292072,5.05635826238499,8107.7,5.0,6.0,,,,,,36.45,214.83,19.44,,,,,,,,,,,,,
RBB,Rastriya Banijya Bank,False,True,2021,309987.46,20128.5,71061.22,193305.05,192868.11,263836.77,60.0,281313.16,28674.3,10184.89,15035.6,16229.11,8019.66,8209.45,978.0,9723.93,4503.54,3031.78,723.38,4888.05,3423.65,1.187986981537839,13.24331036147412,4.771367459459332,35.20850108958003,16.36562974314704,28.17953870363938,14.26321067615337,24.51095419187703,-21.78661829612639,46.31399033106985,,,,,,,,,14.31,11.9,73.2669104461823,6.676043527574668,6.010022615251748,7.230238820556472,6.194483234285049,3.0,4.0,3.0,5.0,,,148.0,,63.0,468088.0,41316.0,313312.0,7125.0,,,14787.8,23428.6,7500.2,40149.5,3750.1,8157.5,34427.6,13744.0,13995.3,29459.7,80917.5,41328.6,9761.9,2628.9,11752.9,17436.1,22901.0,70892.9,150334.2,19708.6,,35.55,56.98,,4.838149614115,4.12676744440695,8226.0,3.0,4.0,,,,,,38.44,254.16,13.44,,,,,,,,,,,,,
RBB,Rastriya Banijya Bank,False,True,2022,330242.8,16423.32,65377.12,226717.54,226341.82,258144.3,60.0,297563.86,32678.94,14940.36,15875.14,20689.74,11393.79,9295.95,1691.5,10987.44,4814.32,3200.13,355.72,6127.05,4292.82,1.341023774790026,13.99378419134833,4.426404779800058,39.07024748258011,6.534244965909264,17.28485106829854,-2.157572653728301,13.9659555769452,25.38723292392622,43.81657601770749,,,,,,4.02,1.81,110.0,14.87,11.53,87.8258942769606,6.645629689435377,6.86105427809821,6.901962615000827,7.21833443022539,4.0,4.0,4.0,2.0,,,163.0,,59.0,618902.0,49211.0,395170.0,9184.0,,,17343.9,27478.2,8796.6,47089.2,4398.3,9567.5,40378.4,16119.6,16414.3,34551.8,94904.0,48472.2,11449.2,3083.4,13784.4,20449.9,22406.9,69363.4,147090.6,19283.4,,35.55,56.98,,5.6313145568451,7.6702057938028,9411.7,6.0,7.0,,,,,,4.7,197.88,11.49,,,,,,,,,,,,,
RBB,Rastriya Banijya Bank,False,True,2023,394021.73,22675.06,76090.63,227308.98,242619.52,321654.94,60.0,343283.42,50738.31,15637.38,34182.52,30272.4,18456.17,11816.23,1091.72,13268.39,5697.52,3967.26,2608.61,5077.26,3595.13,0.9927671040303464,8.61963203054524,5.205083614939497,27.09545016388575,19.31273899082735,0.2608708616016253,24.60276674712554,55.26302260722042,-16.25248671036753,42.94055269704916,,,,,,3.96,1.78,110.0,13.9,10.68,70.66858043591682,6.375231719005018,5.77849158550893,6.427415833178284,6.354685009919668,4.0,8.0,4.0,5.0,,,223.0,,65.0,921923.0,67398.0,567921.0,14156.0,,,17224.6,30076.2,9717.7,48394.0,4105.7,10592.3,44725.6,17078.8,20188.5,36149.8,113162.4,42126.1,11952.7,3741.3,14212.1,21621.8,20585.9,97911.8,177553.5,25603.7,,36.84,55.2,,1.98254843461849,7.11587261530826,10764.4,7.5,8.5,,,,,,-25.9,172.28,9.2,,,,,,,,,,,,,
RBB,Rastriya Banijya Bank,False,True,2024,509181.97,13829.18,151611.08,245595.47,257215.03,429187.76,60.0,458944.67,50237.3,15637.38,35822.07,29742.61,19712.37,10030.24,1225.75,11544.86,6308.12,4349.26,1146.47,4180.46,2552.47,0.5652036190728624,5.055616896000926,4.241973193527783,22.10914640801187,29.22687538070552,8.044772362270947,33.43111099117581,-0.98743927418945,-29.00201105384229,54.64007359119123,,,,,,3.87,1.74,110.0,14.4,11.05,57.22331643381442,7.384292101452199,5.841699797973122,7.575126393494124,4.790617973521319,3.0,7.0,3.0,11.0,,,240.0,,56.0,1057054.0,66254.0,587887.0,14368.0,,,16534.5,30339.0,10585.2,49088.4,3760.2,11435.1,49861.0,19084.2,23179.2,34871.8,117338.2,48161.2,11975.9,6052.3,13315.2,25806.2,33390.8,156911.0,204250.5,34678.4,,44.34,47.59,,3.67787459697703,4.6850965426577,11254.5,6.5,7.5,,,,,,,,6.53,,,,,,,,,,,,,
RBB,Rastriya Banijya Bank,False,True,2025,585645.96,24419.43,148090.72,292337.16,302193.27,500414.68,60.0,533467.07,52178.89,15637.38,37391.79,27209.05,17055.07,10153.98,1847.89,12932.4,6755.95,4801.53,2234.42,4011.89,2836.0,0.5180722782620278,5.538186882366938,3.775186495007748,21.92941758683616,15.0170262313098,19.0319837739678,16.59574821052679,3.864837481313677,11.10806395373893,52.24049673687792,,,,,,,,,,,58.41898163339253,7.550645889270577,6.603379650398045,7.766103410948704,5.36852785728348,3.0,4.0,3.0,12.0,,,244.0,,41.0,1189376.0,80076.0,618680.0,15757.0,,,19421.9,35637.1,12433.7,57660.7,4416.8,13432.0,58568.3,22416.9,27227.0,40961.5,137829.0,56571.6,14067.3,7109.3,15640.4,30312.7,38932.3,182951.6,238147.3,40433.5,,44.34,47.59,,4.43073194983359,2.65334269811436,,5.0,6.0,,,,,,,,7.26,,,,,,,,,,,,,
SANIMA,Sanima Bank,True,False,2020,126135.64,5190.3,15018.42,90566.1,93662.13000000002,106835.79,1072.12,113388.85,12746.79,8801.38,2825.69,11469.73,7280.03,4189.69,1100.12,5289.81,1962.93,1234.69,797.02,2529.74,1776.26,,,,33.57889980925591,,,,,,37.10776001406478,,,,,,,,,12.97,10.33,84.77131118700953,3.340288359154795,3.680734171173921,3.554249725770711,3.638434350313963,16.0,16.0,16.0,14.0,,,,,,,,,,,,7167.6,11355.8,3635.3,19460.4,1817.7,3953.9,16687.0,6661.7,6783.5,14279.1,39220.5,20031.9,4731.6,1274.2,5696.6,8451.2,9309.3,28818.1,61111.2,8011.6,,35.55,56.98,,-2.3696206292072,5.05635826238499,8107.7,5.0,6.0,SANIMA,,,,,,,8.07,,,,,,,,,,,,,
SANIMA,Sanima Bank,True,False,2021,160750.58,4771.14,20922.51,119071.4,123134.05,128425.87,1787.25,145827.17,14923.41,9681.52,3504.69,10762.83,6237.84,4524.99,875.12,5817.55,2258.32,1439.2,248.28,3309.23,2317.82,1.615846170652602,16.75318573772506,4.316966191640331,39.84185782674837,27.44263239160636,31.47458044455927,20.20865854036366,17.07582850270537,30.48877979575064,38.81909051061014,,,,,,,,,13.54,9.21,92.71605479487894,3.462004137725035,3.702033686288522,3.519409788248009,4.193681343037569,16.0,16.0,17.0,12.0,,,148.0,,63.0,468088.0,41316.0,313312.0,7125.0,,,9422.2,14927.6,4778.8,25581.5,2389.4,5197.6,21935.8,8757.1,8917.2,18770.4,51557.0,26332.8,6219.9,1675.0,7488.5,11109.5,11147.4,34508.0,73177.1,9593.4,,35.55,56.98,,4.838149614115,4.12676744440695,8226.0,3.0,4.0,SANIMA,,,,,17.01,190.7,9.58,,,,,,,,,,,,,
SANIMA,Sanima Bank,True,False,2022,192511.09,5224.72,26468.4,136518.04,141641.14,157518.54,1279.0,175599.92,16911.17,11327.38,4339.34,14850.22,10198.45,4651.76,995.91,6029.7,2520.75,1549.41,554.39,2948.81,2093.12,1.185025253376626,13.14997716319801,3.640025190399103,34.71350150090386,19.75763322284747,14.6522506664069,22.65327850222079,13.31974394592119,-9.694454271686336,41.80556246579432,,,,,,4.5,2.02,100.0,13.37,10.53,86.66791858279032,3.873990334534367,4.13138605146996,4.211547860051577,3.519560606452954,16.0,14.0,15.0,16.0,,,163.0,,59.0,618902.0,49211.0,395170.0,9184.0,,,10839.0,17172.3,5497.4,29428.2,2748.7,5979.1,25234.3,10073.9,10258.1,21592.9,59309.7,30292.4,7155.1,1926.9,8614.5,12780.1,13672.6,42325.2,89754.1,11766.6,,35.55,56.98,,5.6313145568451,7.6702057938028,9411.7,6.0,7.0,SANIMA,,,,,21.89,198.28,7.39,,,,,,,,,,,,,
SANIMA,Sanima Bank,True,False,2023,215642.99,11424.67,41980.22,149870.1,149835.84,175745.25,2629.0,196263.56,19379.43,12460.12,4704.28,21607.17,15128.55,6478.62,1039.86,7651.8,2828.37,1761.95,1053.11,3729.56,2605.79,1.276865834588742,14.36068844273724,4.52436333431964,34.05460153166575,12.01587918908984,9.780436343797483,11.57115219579865,14.59544194754119,24.4931012077664,36.96345957813848,,,,,,3.99,1.8,100.0,12.4,9.68,85.27689937565881,3.489081756554598,3.80989396797866,3.511799950766731,4.605946002508552,16.0,15.0,15.0,11.0,,,223.0,,65.0,921923.0,67398.0,567921.0,14156.0,,,10625.8,18553.9,5994.8,29854.1,2532.8,6534.3,27591.1,10535.9,12454.2,22300.7,69809.5,25987.5,7373.6,2308.0,8767.4,13338.4,11247.7,53496.9,97011.4,13989.3,,36.84,55.2,,1.98254843461849,7.11587261530826,10764.4,7.5,8.5,SANIMA,,,,,20.74,185.67,8.36,,,,,,,,,,,,,
SANIMA,Sanima Bank,True,False,2024,233862.21,14828.4,34082.39,164942.51,164906.07,197197.07,1070.0,212938.56,20923.65,13581.53,5894.79,20724.07,14542.37,6181.7,1194.85,7929.03,3024.82,1913.49,1433.32,3380.34,2397.44,1.066701786764647,11.89705600663771,3.927225151495679,30.23623318363028,8.44878843499619,10.0569826803345,12.20620187458836,7.968345818220657,-7.995655827983061,38.14867644592088,,,,,,3.6,1.62,100.0,12.9,10.05,83.64348922628515,3.391531852809234,3.923299673826149,3.480511023139868,4.499649027976412,16.0,15.0,16.0,12.0,,,240.0,,56.0,1057054.0,66254.0,587887.0,14368.0,,,10589.3,19430.2,6779.1,31438.0,2408.2,7323.4,31932.9,12222.2,14844.8,22333.2,75147.8,30844.2,7669.8,3876.1,8527.5,16527.2,15341.9,72095.2,93846.1,15933.5,,44.34,47.59,,3.67787459697703,4.6850965426577,11254.5,6.5,7.5,SANIMA,279.0,37893.8,25.6,1.71,10.9,162.91,7.06,2.53,,,,,,,,,,,,
SANIMA,Sanima Bank,True,False,2025,263551.93,20360.78,29502.94,176440.51,183414.18,223954.68,2063.25,240518.37,23033.56,13581.53,7349.13,18040.79,11684.79,6356.0,1380.36,8602.46,3137.45,2001.7,1889.12,3561.06,2572.46,1.034333282121815,11.70438251199291,3.723676707763614,29.90377171181267,12.69539016158276,6.970913683804136,13.56896935639054,10.08385248271693,7.300286972770964,36.4715441861979,,,,,,,,,,,78.78402451781763,3.397935668955741,3.985479209142802,3.475627861768414,4.869648509078794,16.0,15.0,16.0,13.0,,,244.0,,41.0,1189376.0,80076.0,618680.0,15757.0,,,11777.8,21611.0,7540.0,34966.5,2678.4,8145.4,35516.8,13594.0,16510.9,24839.8,83581.9,34306.0,8530.6,4311.2,9484.6,18382.2,17423.7,81877.8,106580.0,18095.5,,44.34,47.59,,4.43073194983359,2.65334269811436,,5.0,6.0,SANIMA,364.91,49562.1,30.31,2.07,12.04,176.31,7.58,2.08,30.79,,,,,,,,,,,
SBI,Nepal SBI Bank,True,False,2020,132374.29,15111.52,12322.76,89615.5,,110445.87,,117628.94,14745.35,8956.21,4376.7,11428.38,7383.78,4044.6,1085.76,5130.37,2650.42,1677.34,272.34,2231.8,1543.35,,,,30.08262561959469,,,,,,51.66138114794839,,,,,,,,,15.42,12.28,81.13974746181093,3.505498524749873,3.642100445054348,3.674351106122841,3.161348932339329,15.0,17.0,15.0,16.0,,,,,,,,,,,,7224.3,11445.5,3664.1,19614.2,1832.0,3985.2,16818.9,6714.3,6837.1,14391.9,39530.6,20190.2,4769.0,1284.3,5741.7,8518.1,9586.7,29676.8,62932.1,8250.3,,35.55,56.98,,-2.3696206292072,5.05635826238499,8107.7,5.0,6.0,SBI,,,,,12.69,190.4,6.89,,,,,,,,,,,,,
SBI,Nepal SBI Bank,True,False,2021,137808.77,8426.35,21246.99,96951.27,,106238.47,,122408.7,15400.07,9493.58,5016.87,9001.88,6134.55,2867.34,1078.28,4225.28,2494.27,1567.06,379.62,1360.53,963.48,0.7132053356713037,6.392214804106229,3.073794974314022,22.80274916691912,4.105389347130761,8.185827228548636,-3.809467932119137,4.440179446401737,-37.57216444746817,59.03206414722811,,,,,,,,,13.93,11.09,91.25815723814547,2.967917950621377,3.014299550256853,2.91138157138038,1.743244988993898,18.0,20.0,19.0,21.0,,,148.0,,63.0,468088.0,41316.0,313312.0,7125.0,,,7767.7,12306.4,3939.7,21089.5,1969.8,4284.9,18083.9,7219.4,7351.4,15474.4,42503.8,21708.8,5127.7,1380.9,6173.5,9158.7,9221.5,28546.3,60534.7,7936.0,,35.55,56.98,,4.838149614115,4.12676744440695,8226.0,3.0,4.0,SBI,,,,,,,4.06,,,,,,,,,,,,,
SBI,Nepal SBI Bank,True,False,2022,153102.8,10160.63,23575.97,105394.04,,119710.21,3853.81,135989.37,17113.43,9825.85,5833.42,12304.57,8017.69,4286.89,1280.93,5787.02,2798.42,1828.05,623.12,2379.29,1638.31,1.126328526569088,10.07772156181279,4.23720223611805,28.31008014487594,11.09800921958741,8.708261377081495,12.6806607813535,11.12566371451558,70.0408934279902,48.35683996253685,,,,,,4.5,2.02,100.0,13.37,10.53,88.04097829249484,3.08095895872881,3.189493980166042,3.200672624008735,2.754802083568041,19.0,18.0,19.0,21.0,,,163.0,,59.0,618902.0,49211.0,395170.0,9184.0,,,8459.1,13401.9,4290.4,22966.9,2145.2,4666.4,19693.8,7862.0,8005.8,16851.9,46287.6,23641.4,5584.1,1503.8,6723.1,9974.1,10390.8,32166.1,68210.9,8942.4,,35.55,56.98,,5.6313145568451,7.6702057938028,9411.7,6.0,7.0,SBI,,,,,,,6.67,,,,,,,,,,,,,
SBI,Nepal SBI Bank,True,False,2023,185958.13,13429.64,33878.74,116302.29,,150828.38,4017.9,167691.43,18266.7,10120.63,7075.52,17838.07,12070.8,5767.27,1285.53,7334.88,3012.13,1976.67,1511.19,2835.01,1967.51,1.160564267903117,11.12211854507035,5.202855635905205,26.82402438758371,21.45965325258585,10.34996855609671,25.99458308526901,6.738976347815728,20.0938772271426,41.06583884126257,,,,,,3.99,1.8,100.0,12.4,9.68,77.10902285100457,3.008783725666243,2.956556332004214,3.013902779496036,3.477734130300446,19.0,18.0,19.0,13.0,,,223.0,,65.0,921923.0,67398.0,567921.0,14156.0,,,8644.4,15094.2,4877.0,24287.2,2060.5,5315.9,22446.2,8571.3,10131.9,18142.3,56792.2,21141.6,5998.7,1877.6,7132.5,10851.2,9653.0,45912.2,83257.3,12005.9,,36.84,55.2,,1.98254843461849,7.11587261530826,10764.4,7.5,8.5,SBI,,,,,,,7.78,,,,,,,,,,,,,
SBI,Nepal SBI Bank,True,False,2024,208810.58,12439.61,47833.06,132245.0,,175514.86,,189354.64,19455.94,10500.15,7854.15,17894.54,12821.0,5073.55,1266.6,6409.65,2924.99,1968.21,648.31,2863.19,1999.77,1.013135007584568,10.60249229640343,4.082563121086535,31.1993634597833,12.28902979396489,13.70799319600673,16.36726456917457,6.510426075864806,1.639635884951018,45.63416099162981,,,,,,3.6,1.62,100.0,12.9,10.05,75.34689655337446,3.028226464094266,3.14556123442731,3.097821914670693,3.753279805407597,18.0,17.0,18.0,14.0,,,240.0,,56.0,1057054.0,66254.0,587887.0,14368.0,,,8490.1,15578.5,5435.3,25205.9,1930.8,5871.7,25602.6,9799.4,11902.0,17906.0,60250.8,24729.8,6149.4,3107.8,6837.1,13250.9,13655.1,64168.2,83527.5,14181.6,,44.34,47.59,,3.67787459697703,4.6850965426577,11254.5,6.5,7.5,SBI,328.0,34440.0,26.71,2.19,12.28,150.06,7.62,2.32,,,,,,,,,,,,
SBI,Nepal SBI Bank,True,False,2025,232818.0,29687.6,30038.22,134963.77,,199603.44,,212254.45,20563.56,10899.16,8467.33,15461.66,10195.62,5266.04,1369.51,6803.59,3027.82,1983.26,1030.52,2721.49,1810.96,0.8201280813845879,9.05038793588126,3.941517338671182,26.61771211963096,11.49722394334618,2.055858444553671,13.72452452174135,5.69296574722169,-9.44158578236497,44.50326959737433,,,,,,,,,,,67.61595391341953,3.001687699934269,3.048592975176342,3.097712793359888,3.428134417639665,18.0,18.0,18.0,16.0,,,244.0,,41.0,1189376.0,80076.0,618680.0,15757.0,,,9089.2,16677.7,5818.8,26984.4,2067.0,6286.0,27409.1,10490.8,12741.9,19169.4,64502.1,26474.7,6583.3,3327.0,7319.5,14185.9,15529.1,72975.0,94991.3,16128.0,,44.34,47.59,,4.43073194983359,2.65334269811436,,5.0,6.0,SBI,438.12,47750.7,26.38,2.99,16.61,146.66,6.65,1.52,33.57,,,,,,,,,,,
SBL,Siddhartha Bank,True,False,2020,182668.81,5959.21,22502.83,123448.09,,139609.5,,166692.99,15975.82,9787.77,5243.36,15432.15,9858.01,5574.14,1595.84,7169.98,3315.91,2156.19,686.42,3128.64,2143.61,,,,29.8970150544353,,,,,,46.24713039645857,,,,,,,,,12.97,9.06,88.4238465147429,4.837383784818146,5.017104669729111,4.644576757376774,4.390902377848128,8.0,6.0,9.0,12.0,,,,,,,,,,,,9759.6,15462.3,4950.0,26497.8,2475.0,5383.8,22721.5,9070.7,9236.6,19442.7,53403.8,27276.0,6442.6,1735.0,7756.7,11507.5,12118.1,37513.1,79549.5,10428.8,,35.55,56.98,,-2.3696206292072,5.05635826238499,8107.7,5.0,6.0,SBL,,,,,17.92,146.3,8.76,,,,,,,,,,,,,
SBL,Siddhartha Bank,True,False,2021,228941.96,5976.06,41825.29,164607.1,,180924.01,,208540.15,20401.81,10962.3,7630.88,14949.21,9439.0,5510.21,1337.1,8462.82,3503.02,2368.24,793.07,4167.24,2854.83,1.387150292495991,15.69552496960357,3.825801576427073,33.73379086403823,25.33171919168904,33.34114768401846,29.59290735945621,27.70430563188619,33.17860991504984,41.39305810592687,,,,,,,,,13.45,8.56,90.98134625691748,4.930607484084223,5.117778317902228,4.958079954786997,5.165305031686646,6.0,5.0,5.0,10.0,,,148.0,,63.0,468088.0,41316.0,313312.0,7125.0,,,12592.4,19950.4,6386.8,34188.9,3193.4,6946.4,29316.5,11703.6,11917.6,25086.1,68904.5,35193.0,8312.7,2238.7,10008.1,14847.6,15704.2,48614.3,103090.5,13515.0,,35.55,56.98,,4.838149614115,4.12676744440695,8226.0,3.0,4.0,SBL,,,,,17.55,154.81,10.42,,,,,,,,,,,,,
SBL,Siddhartha Bank,True,False,2022,264327.02,7928.99,57368.16,178587.36,,191550.64,1022.8,242729.15,21597.87,12524.43,7713.58,20677.56,14080.72,6596.85,1505.59,8791.97,3917.95,2685.02,607.47,4258.47,2902.46,1.176826485217051,13.82134340071162,3.844380238538816,33.01262401941772,15.45590856302621,8.49310874196798,5.873532208356425,5.862519060808813,1.66840057026163,44.56282266659235,,,,,,4.5,2.02,100.0,13.37,10.53,93.23245278637543,5.319175745336397,5.404511580102118,5.121458642160536,4.880457822678796,5.0,5.0,6.0,8.0,,,163.0,,59.0,618902.0,49211.0,395170.0,9184.0,,,14151.8,22420.9,7177.6,38422.6,3588.8,7806.6,32946.9,13152.8,13393.3,28192.6,77437.1,39551.0,9342.0,2515.9,11247.4,16686.2,16626.6,51469.7,109145.6,14308.8,,35.55,56.98,,5.6313145568451,7.6702057938028,9411.7,6.0,7.0,SBL,,,,,12.22,157.74,9.27,,,,,,,,,,,,,
SBL,Siddhartha Bank,True,False,2023,285977.92,14012.06,62480.48,184009.57,,223654.67,7312.48,260671.33,25306.59,14089.98,10553.0,27670.97,19486.42,8184.54,1693.08,10058.23,4217.69,2852.24,1187.56,4565.26,3166.77,1.15091461835687,13.5030655933359,4.514401156126722,31.48436653367441,8.19095225300841,3.036166725349454,16.76007451606532,17.17169331975792,9.106413180543393,41.93272573802746,,,,,,3.99,1.8,100.0,12.4,9.68,82.2739672728497,4.627093806524527,4.6777639488687,4.4691418919985,5.597523830532777,12.0,10.0,11.0,10.0,,,223.0,,65.0,921923.0,67398.0,567921.0,14156.0,,,13412.9,23420.5,7567.2,37684.7,3197.1,8248.3,34828.1,13299.4,15720.9,28150.0,88120.2,32803.9,9307.7,2913.4,11067.0,16837.1,14313.9,68080.5,123457.4,17802.9,,36.84,55.2,,1.98254843461849,7.11587261530826,10764.4,7.5,8.5,SBL,,,,,15.54,175.18,8.99,,,,,,,,,,,,,
SBL,Siddhartha Bank,True,False,2024,297341.42,16015.87,47978.96,201241.2,,241329.08,5964.38,269272.13,28069.29,14089.98,13398.95,25716.03,17785.96,7930.07,1815.39,9977.3,4441.68,2977.9,1051.12,4475.77,3080.03,1.056035618500151,11.54090574244396,4.116835379719033,30.87037575295922,3.973558518084186,9.364529247038611,7.902544579104909,10.91691926885447,-2.739068514606358,44.51785553205777,,,,,,3.6,1.62,100.0,12.9,10.05,83.38870723743696,4.312124208051948,4.786695281406732,4.259437136384445,5.780771988303435,12.0,11.0,12.0,8.0,,,240.0,,56.0,1057054.0,66254.0,587887.0,14368.0,,,12919.7,23706.2,8271.0,38356.6,2938.1,8935.1,38960.3,14912.0,18111.7,27248.1,91685.5,37632.1,9357.7,4729.2,10404.2,20164.4,18775.4,88229.9,114848.5,19499.4,,44.34,47.59,,3.67787459697703,4.6850965426577,11254.5,6.5,7.5,SBL,283.0,39874.7,12.95,1.42,,,8.74,3.09,,,,,,,,,,,,
SBL,Siddhartha Bank,True,False,2025,338811.35,30739.76,54719.36,214456.49,,280321.37,5839.1,307845.92,30965.43,14089.98,15037.58,22312.13,13872.27,8439.86,2097.29,11155.79,4805.62,3240.21,1375.32,4983.12,3366.59,1.05842186303771,11.40545766965609,4.060575847799395,30.1779613994168,13.94690655610644,6.566890875228326,16.15731100454201,10.31782421286751,9.303805482414141,43.07736162118505,,,,,,,,,,,76.50379633918027,4.368244130149407,4.844192992645177,4.350401446493962,6.372930958763042,14.0,11.0,14.0,7.0,,,244.0,,41.0,1189376.0,80076.0,618680.0,15757.0,,,14288.0,26216.9,9147.0,42418.9,3249.3,9881.4,43086.6,16491.3,20029.9,30133.9,101395.9,41617.7,10348.8,5230.0,11506.1,22300.0,21809.0,102485.5,133404.9,22650.0,,44.34,47.59,,4.43073194983359,2.65334269811436,,5.0,6.0,SBL,374.1,52710.7,15.66,1.7,,,9.56,2.56,32.19,,,,,,,,,,,
SCB,Standard Chartered Bank Nepal,True,False,2020,116434.05,39248.55,13061.72,53911.29,56898.35,98467.6,,101332.48,15101.57,8011.43,5569.05,6569.46,3113.44,3456.02,1516.81,4972.83,1686.4,1104.24,439.07,2837.51,1987.39,,,,39.96496964505121,,,,,,33.91227932585671,,,,,,,,,18.54,16.92,54.75028334193176,3.083373595474264,2.191030941103425,3.275853909043964,4.070906310714911,19.0,22.0,18.0,13.0,,,,,,,,,,,,4355.6,6900.6,2209.1,11825.6,1104.6,2402.7,10140.3,4048.1,4122.1,8677.0,23833.3,12172.9,2875.3,774.3,3461.7,5135.6,8247.8,25532.1,54142.9,7098.1,,35.55,56.98,,-2.3696206292072,5.05635826238499,8107.7,5.0,6.0,SCB,,,,,,,9.92,,,,,,,,,,,,,
SCB,Standard Chartered Bank Nepal,True,False,2021,114738.76,2236.48,12816.34,71473.93,71454.32999999999,87564.22,,98516.64,16222.12,8572.23,5873.13,5320.63,2726.84,2593.79,1469.87,4063.66,1642.7,1052.26,408.38,2007.59,1398.84,1.210211529634476,8.931514773642569,4.137313791848832,34.42315548052741,-1.45600878780735,32.57692405431216,-11.07306362702046,7.420089434409816,-29.6142176422343,40.42414965818991,,,,,,,,,17.17,15.53,81.62458364843539,2.47107078479866,2.222186826991434,2.399628462460889,2.530951156644896,21.0,23.0,23.0,20.0,,,148.0,,63.0,468088.0,41316.0,313312.0,7125.0,,,5467.8,8662.6,2773.2,14845.1,1386.6,3016.2,12729.5,5081.8,5174.7,10892.6,29919.0,15281.1,3609.4,972.0,4345.6,6446.9,7600.6,23528.5,49894.1,6541.0,,35.55,56.98,,4.838149614115,4.12676744440695,8226.0,3.0,4.0,SCB,,,,,16.1,146.78,6.53,,,,,,,,,,,,,
SCB,Standard Chartered Bank Nepal,True,False,2022,123355.71,19139.9,7910.85,79197.4,,93721.92,,105220.61,18135.1,9429.45,6507.75,7527.92,3787.46,3740.46,989.62,5333.47,1958.71,1268.0,134.31,3231.96,2255.93,1.894987313229072,13.13220336220451,4.96505871422254,42.29760362390713,7.51006024468106,10.80599597643506,7.032210188133914,11.79241677413307,61.27148208515627,36.72487142516973,,,,,,4.5,2.02,100.0,13.37,10.53,84.50253686650892,2.482344410649924,2.396716460862513,2.505827895661838,3.793324013394078,20.0,20.0,20.0,14.0,,,163.0,,59.0,618902.0,49211.0,395170.0,9184.0,,,6840.2,10837.1,3469.3,18571.4,1734.6,3773.3,15924.8,6357.4,6473.6,13626.8,37429.0,19116.9,4515.4,1216.0,5436.4,8065.2,8135.1,25183.1,53402.8,7001.0,,35.55,56.98,,5.6313145568451,7.6702057938028,9411.7,6.0,7.0,SCB,,,,,20.32,148.86,9.57,,,,,,,,,,,,,
SCB,Standard Chartered Bank Nepal,True,False,2023,151378.01,10972.51,26362.13,77831.3,,117500.98,2630.6,131235.32,20142.69,9429.45,8002.68,12744.04,6788.01,5956.03,1475.46,7842.55,2272.6,1542.79,598.25,4959.62,3465.33,2.522682690715941,18.10621773096096,7.585912638899766,44.18626594666276,22.71666224449602,-1.724930363875576,25.37193006716038,11.07018985282684,53.6098194536178,28.9778197142511,,,,,,3.99,1.8,100.0,12.4,9.68,66.23885179510843,2.449280883345847,1.978573447204863,2.347943604615446,6.125252940901976,20.0,19.0,20.0,6.0,,,223.0,,65.0,921923.0,67398.0,567921.0,14156.0,,,6711.5,11719.1,3786.5,18856.6,1599.8,4127.2,17427.2,6654.7,7866.4,14085.6,44093.3,16414.3,4657.3,1457.8,5537.7,8424.9,7520.1,35767.3,64860.5,9353.1,,36.84,55.2,,1.98254843461849,7.11587261530826,10764.4,7.5,8.5,SCB,,,,,14.94,144.76,14.7,,,,,,,,,,,,,
SCB,Standard Chartered Bank Nepal,True,False,2024,141189.07,28499.22,17833.7,81142.52,,112483.89,,120670.25,20518.82,9429.45,8627.81,11059.12,5925.83,5133.29,1647.8,7230.98,2300.83,1597.87,216.11,4694.61,3275.27,2.238987380261648,16.10992803759624,6.458031894811358,45.29496693394257,-6.73079266929193,4.254355252963782,-4.269828217602944,1.867327551583231,-5.484614740876048,31.81906186989869,,,,,,3.6,1.62,100.0,12.9,10.05,72.13701446491582,2.047561374595376,1.930044730430207,1.985330811815066,6.147209303198538,20.0,19.0,20.0,7.0,,,240.0,,56.0,1057054.0,66254.0,587887.0,14368.0,,,5690.0,10440.6,3642.7,16892.9,1294.0,3935.2,17158.8,6567.5,7976.7,12000.5,40379.8,16573.8,4121.3,2082.8,4582.2,8880.7,8751.2,41124.1,53531.1,9088.7,,44.34,47.59,,3.67787459697703,4.6850965426577,11254.5,6.5,7.5,SCB,602.0,56762.6,113.58,4.3,5.3,140.05,13.9,2.31,,,,,,,,,,,,
SCB,Standard Chartered Bank Nepal,True,False,2025,155879.4,43661.58,13578.33,72893.09,,125338.85,700.0,134208.06,21671.35,10042.37,9632.61,8311.02,3848.77,4462.25,1844.89,6574.71,2223.24,1550.28,-335.3,4530.89,3012.56,2.028192355789223,14.28086210603086,5.793790150212669,45.82042401870196,10.40472183859558,-10.16659329781723,11.42826763903704,5.616940935199977,-8.021018114537126,33.81502758296563,,,,,,,,,,,58.15682049101297,2.00972982180559,1.646526042603114,1.945175690108427,5.702754683264428,20.0,19.0,20.0,10.0,,,244.0,,41.0,1189376.0,80076.0,618680.0,15757.0,,,5630.8,10331.9,3604.8,16716.9,1280.5,3894.2,16980.1,6499.1,7893.6,11875.5,39959.3,16401.2,4078.4,2061.1,4534.4,8788.2,9751.4,45823.9,59648.8,10127.4,,44.34,47.59,,4.43073194983359,2.65334269811436,,5.0,6.0,SCB,648.44,65116.3,35.87,4.1,18.08,157.98,12.0,1.85,7.71,,,,,,,,,,,
